USE RoundTrip;
-- travelers data
INSERT INTO `travelers` VALUES (1,'Catherina','Dunkinson','2002-07-26 ','cdunkinson0','lX2<8jjJi'),
	(2,'Wendie','Deniscke','2005-01-19 ','wdeniscke1','dA3|s,!U7'),
	(3,'Chrotoem','Cordoba','2002-12-12 ','ccordoba2','aT9`IPDJ{~f\\GW'),
	(4,'Minne','Ferris','2001-05-10 ','mferris3','mD8!lD&W}bF'),
	(5,'Devina','Broadley','2001-03-10 ','dbroadley4','kP6#Qoe(='),
	(6,'Clarette','Biscomb','2003-12-20 ','cbiscomb5','uR0$''3a4~g'),
	(7,'Claudianus','Clayden','2000-10-11 ','cclayden6','hI8#!8Fn/YUYwE'),
	(8,'Sharity','Morratt','2002-04-26 ','smorratt7','xU8>K/1W$Z>#'),
	(9,'Celestyna','Gorelli','2001-03-08 ','cgorelli8','hS3*''}aJ'),
	(10,'Flori','Seally','2000-05-15 ','fseally9','pF2!l"@L~p5hV'),
	(11,'Gaylor','Osipenko','2000-08-17 ','gosipenkoa','xL6_?hr{7aF'),
	(12,'Rycca','Chorley','2002-08-23 ','rchorleyb','nE6,n{/%T29~'),
	(13,'Pollyanna','Sugge','2004-07-01 ','psuggec','kE9+''x''#v'),
	(14,'Forrest','Note','2004-09-07 ','fnoted','xX4_cd{F/rW@'),
	(15,'Joye','Gue','2005-02-12 ','jguee','tV1|2vO&oBr)Y!.U'),
	(16,'Wilfrid','Wilton','2004-12-21 ','wwiltonf','bI9+IrOa'),
	(17,'Graehme','Carolan','2003-12-02 ','gcarolang','yC9$mu~51'),
	(18,'Kristan','Cawt','2001-09-03 ','kcawth','dV2**`L`s'),
	(19,'Nicola','Mattisson','2002-08-14 ','nmattissoni','iY2%m3,h)%7+'),
	(20,'Traver','Izkovitch','2002-03-14 ','tizkovitchj','uD7%\\wAd|VhvG'),
	(21,'Vasily','Whylie','2003-06-15 ','vwhyliek','hG6.OZW5u'),
	(22,'Waldemar','McGrey','2002-03-03 ','wmcgreyl','hD1*hqJ{4W'),
	(23,'Marcel','Rolston','2001-01-26 ','mrolstonm','iT9_sMhtZw\\7BVt'),
	(24,'Kaleb','Mayhead','2002-09-30 ','kmayheadn','kT5>yOZk&'),
	(25,'Esra','Snartt','2004-01-05 ','esnartto','nN3}bBsS!p'),
	(26,'Holly','Nickoles','2004-08-03 ','hnickolesp','oS6+n,){}C"'),
	(27,'Chiarra','Noads','2001-10-18 ','cnoadsq','iH8_~0M81Ewr'),
	(28,'Alejoa','Beauly','2003-02-07 ','abeaulyr','qP9,9GXfo_E'),
	(29,'Germain','Vaugham','2002-10-28 ','gvaughams','rE9(&HGC=*MPnJ'),
	(30,'Bail','Blanchet','2003-02-13 ','bblanchett','oJ6\\|39qGybgb+1'),
	(31,'Cyndi','Kubu','2002-02-10 ','ckubuu','sW6"oRW%GN6'),
	(32,'Pansie','Swadling','2001-02-21 ','pswadlingv','aH8|V=EYeYQj'),
	(33,'Tony','Hardern','2003-02-13 ','thardernw','pE0#$zT&%KyK'),
	(34,'Liz','Billo','2004-05-17 ','lbillox','mR4#&FVyN'),
	(35,'Kira','Cail','2002-11-18 ','kcaily','qM9|q}pQ64<NB'),
	(36,'Shae','Huckfield','2003-12-07 ','shuckfieldz','nH7}9<Yf'),
	(37,'Jules','Briggdale','2005-02-05 ','jbriggdale10','xI2?9$UT?whqNq,V'),
	(38,'Betteanne','Castagneri','2003-12-19 ','bcastagneri11','qX8{}x)$b,VN,YE'),
	(39,'Luca','Smallacombe','2004-09-09 ','lsmallacombe12','aU8+Zx=J''2,u(r}S'),
	(40,'Charity','Fredi','2002-06-24 ','cfredi13','fX6=2QC6%PMKbgx'),
	(41,'Marlee','Clendennen','2000-10-04 ','mclendennen14','uJ3*(2z'''),
	(42,'Haydon','Krol','2002-01-14 ','hkrol15','gX8&Pf6<2'),
	(43,'Cheryl','Ashmore','2004-08-18 ','cashmore16','iB4#sPLf&EY.PE)F'),
	(44,'Lenore','Colombier','2001-04-18 ','lcolombier17','fG5=*qyGMvfj''*'),
	(45,'Ennis','Stille','2001-05-28 ','estille18','rA6|4\\L@9`}EvW'),
	(46,'Jewel','Ridger','2000-07-11 ','jridger19','gR1+0MRE'),
	(47,'Calv','McKee','2000-07-23 ','cmckee1a','kD7,YKg.E''lFCT'),
	(48,'Dmitri','Alvarez','2001-03-15 ','dalvarez1b','vN3)*<SC''$@~{A7'),
	(49,'Boote','Ifill','2003-03-24 ','bifill1c','bK9=`HwFOg(?'),
	(50,'Kimberlyn','Hiddsley','2002-07-20 ','khiddsley1d','oZ3))F#1w');


-- countries data
INSERT INTO `countries` VALUES
('United Kingdom',3.0,'United Kingdom has a current risk level of 3 (out of 5).
We advise: Use some caution when travelling United Kingdom.','euro', 67326569, 'London', 'English'),
('Spain',3.0,'Spain has a current risk level of 3 (out of 5).
We advise: Use some caution when travelling Spain.','euro', 48592909, 'Madrid', 'Spanish'),
('Italy',3.0,'Italy has a current risk level of 3 (out of 5).
We advise: Use some caution when travelling Italy.','euro', 58850717, 'Rome', 'Italian'),
('France',3.0,'France has a current risk level of 3 (out of 5).
We advise: Use some caution when travelling France.','euro', 68373433, 'Paris', 'French');

-- gdp data
INSERT INTO `gdp` (num, country, gdp, quarter)
VALUES (0, 'United Kingdom', 57978.2, '2023-Q1'),
       (1, 'United Kingdom', 58353.4, '2023-Q2'),
       (2, 'United Kingdom', 58526.8, '2023-Q3'),
       (3, 'United Kingdom', 58379.1, '2023-Q4'),
       (4, 'Spain', 51580.1, '2023-Q1'),
       (5, 'Spain', 52451.7, '2023-Q2'),
       (6, 'Spain', 53305.6, '2023-Q3'),
       (7, 'Spain', 53710.2, '2023-Q4'),
       (8, 'France', 59185.8, '2023-Q1'),
       (9, 'France', 60035.2, '2023-Q2'),
       (10, 'France', 60710.9, '2023-Q3'),
       (11, 'France', 60986.5, '2023-Q4'),
       (12, 'Germany', 67915.4, '2023-Q1'),
       (13, 'Germany', 68464.7, '2023-Q2'),
       (14, 'Germany', 69454.8, '2023-Q3'),
       (15, 'Germany', 68689.7, '2023-Q4'),
       (16, 'Italy', 57701.7, '2023-Q1'),
       (17, 'Italy', 57744.9, '2023-Q2'),
       (18, 'Italy', 58384.4, '2023-Q3'),
       (19, 'Italy', 58631.8, '2023-Q4');


-- exchange rates data
INSERT INTO `exchangeRates` VALUES
('France', 'United Kingdom', 1.17),
('France', 'Spain', 1.0),
('France', 'Italy', 1.0),
('France', 'Germany', 1.0),
('Italy', 'United Kingdom', 1.17),
('Italy', 'Spain', 1.0),
('Italy', 'France', 1.0),
('Italy', 'Germany', 1.0),
('Germany', 'United Kingdom', 1.17),
('Germany', 'Spain', 1.0),
('Germany', 'France', 1.0),
('Germany', 'Italy', 1.0),
('Spain', 'United Kingdom', 1.17),
('Spain', 'Germany', 1.0),
('Spain', 'France', 1.0),
('Spain', 'Italy', 1.0),
('United Kingdom', 'France', 0.85),
('United Kingdom', 'Italy', 0.85),
('United Kingdom', 'Germany', 0.85),
('United Kingdom', 'Spain', 0.85);


-- airports data
INSERT INTO `airports` VALUES ('LHR','London Heathrow Airport', 'London', 'United Kingdom'),
('CDG', 'Paris Charles de Gaulle Airport', 'Paris', 'France'),
('FCO','Leonardo da Vinci–Rome Fiumicino Airport', 'Rome', 'Italy'),
('MAD', 'Adolfo Suárez Madrid–Barajas Airport', 'Madrid', 'Spain');

-- airlines data
INSERT INTO `airlines` VALUES
('Air France', 'https://wwws.airfrance.us/search/advanced?connections=&gclid=Cj0KCQjwsPCyBhD4ARIsAPaaRf02QCxr0Cmmw3hP6WCL7nXiPwjj7me_5FG2bo8CqagXPaz-4cTp7fEaAmdNEALw_wcB&gclsrc=aw.ds'),
('British Airways', 'https://www.britishairways.com/travel/home/public/en_us?&Brand=Y&DM1_Channel=PPC&DM1_Mkt=US&DM1_Campaign=PS_AMER_US_GGA_PPCAO_BAF_EN_MBR&SEO=N&DM1_Keyword=british%20airways&gad_source=1&gclid=Cj0KCQjwsPCyBhD4ARIsAPaaRf0byj4YiqkioijHLFeKJC96G_8TKTzPqxbTtqz24b4YfZgfmvji5moaAlaXEALw_wcB&gclsrc=aw.ds'),
('Iberia', 'https://www.iberia.com/us/?language=en&cq_src=google_ads&cq_cmp=252047245&cq_con=22724231845&cq_term=iberia%20airlines&cq_med=&cq_plac=&cq_net=g&cq_plt=gp&esl-k=google-ads|ng|c268490402560|me|kiberia%20airlines|p|t|dc|a22724231845|g252047245&utm_source=google&utm_medium=cpc&gad_source=1&gclid=Cj0KCQjwsPCyBhD4ARIsAPaaRf3WHSbThOOqtQpyap8AHWERVVJd7QQSVcH9k2RAGbTHTzylTZlT2eUaAvMCEALw_wcB'),
('ITA Airways', 'https://www.ita-airways.com/en_us/?WT.mc_id=search_Google_GenericAlitalia_US&WT.srch=1&gad_source=1&gclid=Cj0KCQjwsPCyBhD4ARIsAPaaRf0EQtk_AdPfzelund-bhYgC14sid-mZ48QAN1wK4p4d91qiGWJY2aYaAp82EALw_wcB&gclsrc=aw.ds');


-- flights data
INSERT INTO `flights` (number, airline,origin_airport,destination_airport,price, month)
VALUES
(0, 'Iberia', 'LHR','MAD',332.27,'January'),
(1,   'Iberia', 'LHR','MAD',362.03,'February'),
(2,  'Iberia','LHR','MAD',375.2,'March'),
(3, 'Iberia','LHR','MAD',415.79,'April'),
(4,   'Iberia','LHR','MAD',389.82,'May'),
(5,   'Iberia','LHR','MAD',399.02,'June'),
(6,   'Iberia','LHR','MAD',392.8,'July'),
(7, 'Iberia','LHR','MAD',376.15,'August'),
(8,  'Iberia','LHR','MAD',376.79,'September'),
(9,  'Iberia','LHR','MAD',389.55,'October'),
(10, 'Iberia','LHR','MAD',376,'November'),
(11,   'Iberia','LHR','MAD',388.33,'December'),
(12,  'Air France','LHR','CDG',290.36,'January'),
(13, 'Air France','LHR','CDG',312.74,'February'),
(14,'Air France','LHR','CDG',316.66,'March'),
(15,'Air France','LHR','CDG',340.51,'April'),
(16,'Air France','LHR','CDG',335.66,'May'),
(17,'Air France','LHR','CDG',348.73,'June'),
(18,'Air France','LHR','CDG',338.68,'July'),
(19,'Air France','LHR','CDG',301.03,'August'),
(20,'Air France','LHR','CDG',309.92,'September'),
(21,'Air France','LHR','CDG',311.2,'October'),
(22,'Air France','LHR','CDG',300.86,'November'),
(23,'Air France','LHR','CDG',314.81,'December'),
(24, 'ITA Airways', 'LHR','FCO',317.4,'January'),
(25,'ITA Airways','LHR','FCO',330.51,'February'),
(26, 'ITA Airways','LHR','FCO',339.83,'March'),
(27,'ITA Airways','LHR','FCO',377.43,'April'),
(28, 'ITA Airways','LHR','FCO',361.07,'May'),
(29,'ITA Airways','LHR','FCO',375.89,'June'),
(30,'ITA Airways','LHR','FCO',381.66,'July'),
(31,'ITA Airways','LHR','FCO',363.53,'August'),
(32,'ITA Airways','LHR','FCO',352.28,'September'),
(33,'ITA Airways','LHR','FCO',358.74,'October'),
(34,'ITA Airways','LHR','FCO',342.67,'November'),
(35,'ITA Airways','LHR','FCO',357.07,'December'),
(36, 'British Airways', 'MAD','LHR',372.63,'January'),
(37, 'British Airways','MAD','LHR',370.44,'February'),
(38, 'British Airways','MAD','LHR',384.52,'March'),
(39,'British Airways','MAD','LHR',423.11,'April'),
(40, 'British Airways','MAD','LHR',411.84,'May'),
(41,'British Airways','MAD','LHR',438.55,'June'),
(42,'British Airways','MAD','LHR',426.95,'July'),
(43,'British Airways','MAD','LHR',409.38,'August'),
(44,'British Airways','MAD','LHR',404.86,'September'),
(45,'British Airways','MAD','LHR',395.66,'October'),
(46, 'British Airways','MAD','LHR',390.67,'November'),
(47,'British Airways','MAD','LHR',373.72,'December'),
(48,  'Air France', 'MAD','CDG',228.49,'January'),
(49, 'Air France','MAD','CDG',238.36,'February'),
(50,'Air France','MAD','CDG',264.84,'March'),
(51,'Air France','MAD','CDG',276.78,'April'),
(52,'Air France','MAD','CDG',271.48,'May'),
(53,'Air France','MAD','CDG',305.2,'June'),
(54,'Air France','MAD','CDG',285.45,'July'),
(55,'Air France','MAD','CDG',267.51,'August'),
(56, 'Air France','MAD','CDG',281.08,'September'),
(57,'Air France','MAD','CDG',268.85,'October'),
(58,'Air France','MAD','CDG',267.68,'November'),
(59,'Air France','MAD','CDG',272.51,'December'),
(60, 'ITA Airways','MAD','FCO',239.68,'January'),
(61, 'ITA Airways','MAD','FCO',252.72,'February'),
(62,'ITA Airways','MAD','FCO',271.86,'March'),
(63,'ITA Airways', 'MAD','FCO',289.11,'April'),
(64,'ITA Airways','MAD','FCO',284.21,'May'),
(65,'ITA Airways','MAD','FCO',296.55,'June'),
(66, 'ITA Airways','MAD','FCO',292.17,'July'),
(67, 'ITA Airways','MAD','FCO',284.96,'August'),
(68,'ITA Airways','MAD','FCO',270.18,'September'),
(69,'ITA Airways','MAD','FCO',275.17,'October'),
(70, 'ITA Airways','MAD','FCO',254.51,'November'),
(71,'ITA Airways','MAD','FCO',254.57,'December'),
(72, 'ITA Airways', 'CDG','LHR',348.28,'January'),
(73, 'British Airways','CDG','LHR',349.3,'February'),
(74,'British Airways','CDG','LHR',343.51,'March'),
(75,'British Airways','CDG','LHR',388.89,'April'),
(76,'British Airways','CDG','LHR',357.91,'May'),
(77,'British Airways','CDG','LHR',390.65,'June'),
(78, 'British Airways','CDG','LHR',384.84,'July'),
(79,'British Airways','CDG','LHR',350.7,'August'),
(80, 'British Airways','CDG','LHR',354.59,'September'),
(81, 'British Airways','CDG','LHR',345.26,'October'),
(82,'British Airways','CDG','LHR',318.62,'November'),
(83,'British Airways','CDG','LHR',327.56,'December'),
(84,'Iberia','CDG','MAD',275.91,'January'),
(85,'Iberia','CDG','MAD',293.47,'February'),
(86,'Iberia','CDG','MAD',295.62,'March'),
(87, 'Iberia','CDG','MAD',339.14,'April'),
(88,'Iberia','CDG','MAD',313.1,'May'),
(89,'Iberia','CDG','MAD',324.94,'June'),
(90,'Iberia','CDG','MAD',335.88,'July'),
(91, 'Iberia','CDG','MAD',311.41,'August'),
(92, 'Iberia','CDG','MAD',298.13,'September'),
(93,'Iberia','CDG','MAD',320.93,'October'),
(94, 'Iberia','CDG','MAD',311.51,'November'),
(95,'Iberia', 'CDG','MAD',322.55,'December'),
(96,'ITA Airways','CDG','FCO',205.99,'January'),
(97,'ITA Airways','CDG','FCO',219.15,'February'),
(98,'ITA Airways','CDG','FCO',225.64,'March'),
(99, 'ITA Airways','CDG','FCO',258.28,'April'),
(100,'ITA Airways', 'CDG','FCO',239.05,'May'),
(101, 'ITA Airways','CDG','FCO',254.7,'June'),
(102,'ITA Airways','CDG','FCO',274.73,'July'),
(103,'ITA Airways','CDG','FCO',258.06,'August'),
(104,'ITA Airways', 'CDG','FCO',248.67,'September'),
(105,'ITA Airways','CDG','FCO',263.44,'October'),
(106, 'ITA Airways','CDG','FCO',248.97,'November'),
(107,'ITA Airways','CDG','FCO',254.81,'December'),
(108,'British Airways','FCO','LHR',433.4,'January'),
(109,'British Airways','FCO','LHR',423.94,'February'),
(110,'British Airways','FCO','LHR',429.5,'March'),
(111,'British Airways','FCO','LHR',458.62,'April'),
(112, 'British Airways','FCO','LHR',445.16,'May'),
(113,'British Airways', 'FCO','LHR',476.99,'June'),
(114, 'British Airways','FCO','LHR',483.26,'July'),
(115, 'British Airways','FCO','LHR',473.11,'August'),
(116,'British Airways','FCO','LHR',438.93,'September'),
(117,'British Airways','FCO','LHR',420.14,'October'),
(118,'British Airways','FCO','LHR',415.6,'November'),
(119,'British Airways','FCO','LHR',412.11,'December'),
(120,'Iberia','FCO','MAD',285.58,'January'),
(121, 'Iberia','FCO','MAD',292.86,'February'),
(122,'Iberia','FCO','MAD',302.15,'March'),
(123,'Iberia','FCO','MAD',309.48,'April'),
(124, 'Iberia','FCO','MAD',287.26,'May'),
(125,'Iberia','FCO','MAD',294.96,'June'),
(126,'Iberia','FCO','MAD',311.5,'July'),
(127,'Iberia','FCO','MAD',304.4,'August'),
(128,'Iberia','FCO','MAD',300.61,'September'),
(129,'Iberia','FCO','MAD',296.56,'October'),
(130,'Iberia','FCO','MAD',286.24,'November'),
(131,'Iberia', 'FCO','MAD',295.56,'December'),
(132, 'Air France','FCO','CDG',212.01,'January'),
(133,'Air France','FCO','CDG',214.69,'February'),
(134,'Air France','FCO','CDG',227.03,'March'),
(135,'Air France','FCO','CDG',231.15,'April'),
(136,'Air France','FCO','CDG',218.51,'May'),
(137,'Air France','FCO','CDG',250.24,'June'),
(138,'Air France','FCO','CDG',262.95,'July'),
(139,'Air France', 'FCO','CDG',242.38,'August'),
(140,'Air France','FCO','CDG',250.56,'September'),
(141,'Air France','FCO','CDG',252.84,'October'),
(142,'Air France','FCO','CDG',243.78,'November'),
(143,'Air France','FCO','CDG',241.67,'December');


-- trips data
INSERT INTO `trips` VALUES (1,28,'2023-05-11 ','2023-05-18 '),
	(2,48,'2022-08-13 ','2022-08-20 '),
	(3,31,'2022-12-01 ','2022-12-08 '),
	(4,19,'2022-05-29 ','2022-06-05 '),
	(5,8,'2022-03-12 ','2022-03-19 '),
	(6,45,'2021-09-17 ','2021-09-24 '),
	(7,24,'2021-11-21 ','2021-11-28 '),
	(8,39,'2020-01-15 ','2020-01-22 '),
	(9,47,'2021-04-01 ','2021-04-08 '),
	(10,26,'2024-05-26 ','2024-06-02 '),
	(11,18,'2021-12-21 ','2021-12-28 '),
	(12,6,'2022-06-04 ','2022-06-11 '),
	(13,20,'2021-11-22 ','2021-11-29 '),
	(14,29,'2021-12-09 ','2021-12-16 '),
	(15,25,'2023-12-03 ','2023-12-10 '),
	(16,46,'2024-01-12 ','2024-01-19 '),
	(17,11,'2023-08-24 ','2023-08-31 '),
	(18,13,'2022-06-20 ','2022-06-27 '),
	(19,2,'2020-05-17 ','2020-05-24 '),
	(20,31,'2021-10-24 ','2021-10-31 '),
	(21,15,'2021-07-21 ','2021-07-28 '),
	(22,38,'2020-09-26 ','2020-10-03 '),
	(23,37,'2023-08-22 ','2023-08-29 '),
	(24,48,'2023-07-14 ','2023-07-21 '),
	(25,40,'2023-03-02 ','2023-03-09 '),
	(26,22,'2020-09-13 ','2020-09-20 '),
	(27,42,'2020-02-24 ','2020-03-02 '),
	(28,16,'2021-03-15 ','2021-03-22 '),
	(29,24,'2023-05-07 ','2023-05-14 '),
	(30,1,'2022-09-14 ','2022-09-21 '),
	(31,46,'2023-11-24 ','2023-12-01 '),
	(32,13,'2022-06-16 ','2022-06-23 '),
	(33,15,'2022-05-14 ','2022-05-21 '),
	(34,41,'2023-01-30 ','2023-02-06 '),
	(35,10,'2021-10-18 ','2021-10-25 '),
	(36,12,'2021-02-21 ','2021-02-28 '),
	(37,2,'2020-05-01 ','2020-05-08 '),
	(38,18,'2021-08-02 ','2021-08-09 '),
	(39,29,'2024-05-19 ','2024-05-26 '),
	(40,43,'2024-04-30 ','2024-05-07 '),
	(41,28,'2024-01-25 ','2024-02-01 '),
	(42,5,'2021-01-22 ','2021-01-29 '),
	(43,42,'2023-01-25 ','2023-02-01 '),
	(44,16,'2020-09-28 ','2020-10-05 '),
	(45,47,'2021-07-14 ','2021-07-21 '),
	(46,35,'2022-06-22 ','2022-06-29 '),
	(47,14,'2021-12-12 ','2021-12-19 '),
	(48,39,'2024-03-10 ','2024-03-17 '),
	(49,34,'2022-04-28 ','2022-05-05 '),
	(50,11,'2021-04-11 ','2021-04-18 '),
	(51,40,'2021-11-05 ','2021-11-12 '),
	(52,17,'2024-05-28 ','2024-06-04 '),
	(53,8,'2020-08-19 ','2020-08-26 '),
	(54,36,'2020-03-20 ','2020-03-27 '),
	(55,46,'2023-05-10 ','2023-05-17 '),
	(56,12,'2024-01-20 ','2024-01-27 '),
	(57,16,'2023-04-28 ','2023-05-05 '),
	(58,22,'2023-02-09 ','2023-02-16 '),
	(59,3,'2020-06-17 ','2020-06-24 '),
	(60,1,'2021-01-22 ','2021-01-29 '),
	(61,20,'2022-05-16 ','2022-05-23 '),
	(62,50,'2024-03-12 ','2024-03-19 '),
	(63,12,'2022-04-10 ','2022-04-17 '),
	(64,27,'2020-05-06 ','2020-05-13 '),
	(65,35,'2021-10-19 ','2021-10-26 '),
	(66,29,'2023-04-25 ','2023-05-02 '),
	(67,47,'2022-04-22 ','2022-04-29 '),
	(68,13,'2020-11-23 ','2020-11-30 '),
	(69,43,'2023-09-04 ','2023-09-11 '),
	(70,26,'2021-05-23 ','2021-05-30 '),
	(71,15,'2020-06-28 ','2020-07-05 '),
	(72,42,'2024-03-02 ','2024-03-09 '),
	(73,8,'2021-02-02 ','2021-02-09 '),
	(74,10,'2023-10-11 ','2023-10-18 '),
	(75,25,'2021-12-26 ','2022-01-02 '),
	(76,21,'2022-07-06 ','2022-07-13 '),
	(77,43,'2022-11-09 ','2022-11-16 '),
	(78,23,'2020-12-22 ','2020-12-29 '),
	(79,7,'2021-05-05 ','2021-05-12 '),
	(80,39,'2022-01-27 ','2022-02-03 '),
	(81,19,'2023-06-28 ','2023-07-05 '),
	(82,26,'2020-07-30 ','2020-08-06 '),
	(83,22,'2021-08-01 ','2021-08-08 '),
	(84,50,'2021-09-10 ','2021-09-17 '),
	(85,17,'2020-12-20 ','2020-12-27 '),
	(86,49,'2020-09-24 ','2020-10-01 '),
	(87,15,'2022-05-31 ','2022-06-07 '),
	(88,32,'2022-07-11 ','2022-07-18 '),
	(89,13,'2023-08-11 ','2023-08-18 '),
	(90,40,'2020-03-08 ','2020-03-15 '),
	(91,30,'2021-12-30 ','2022-01-06 '),
	(92,9,'2020-06-26 ','2020-07-03 '),
	(93,8,'2021-10-18 ','2021-10-25 '),
	(94,18,'2020-06-25 ','2020-07-02 '),
	(95,24,'2022-03-05 ','2022-03-12 '),
	(96,35,'2021-01-24 ','2021-01-31 '),
	(97,40,'2024-01-27 ','2024-02-03 '),
	(98,37,'2024-03-06 ','2024-03-13 '),
	(99,10,'2022-08-25 ','2022-09-01 '),
	(100,46,'2023-11-19 ','2023-11-26 '),
	(101,38,'2020-03-20 ','2020-03-27 '),
	(102,49,'2021-10-07 ','2021-10-14 '),
	(103,19,'2024-01-08 ','2024-01-15 '),
	(104,20,'2021-04-16 ','2021-04-23 '),
	(105,1,'2022-05-14 ','2022-05-21 '),
	(106,28,'2023-09-07 ','2023-09-14 '),
	(107,49,'2021-03-17 ','2021-03-24 '),
	(108,6,'2023-01-14 ','2023-01-21 '),
	(109,25,'2022-05-14 ','2022-05-21 '),
	(110,17,'2021-06-19 ','2021-06-26 '),
	(111,35,'2023-03-08 ','2023-03-15 '),
	(112,3,'2022-06-19 ','2022-06-26 '),
	(113,4,'2023-01-16 ','2023-01-23 '),
	(114,39,'2022-10-11 ','2022-10-18 '),
	(115,46,'2021-06-18 ','2021-06-25 '),
	(116,10,'2024-03-21 ','2024-03-28 '),
	(117,34,'2022-10-17 ','2022-10-24 '),
	(118,15,'2021-09-08 ','2021-09-15 '),
	(119,48,'2021-12-28 ','2022-01-04 '),
	(120,24,'2021-07-14 ','2021-07-21 '),
	(121,14,'2020-04-16 ','2020-04-23 '),
	(122,45,'2022-07-09 ','2022-07-16 '),
	(123,40,'2023-09-19 ','2023-09-26 '),
	(124,12,'2021-03-18 ','2021-03-25 '),
	(125,41,'2022-01-10 ','2022-01-17 '),
	(126,6,'2020-08-10 ','2020-08-17 '),
	(127,16,'2023-02-21 ','2023-02-28 '),
	(128,26,'2020-04-10 ','2020-04-17 '),
	(129,43,'2021-04-04 ','2021-04-11 '),
	(130,10,'2023-03-20 ','2023-03-27 '),
	(131,15,'2021-09-14 ','2021-09-21 '),
	(132,27,'2021-05-24 ','2021-05-31 '),
	(133,25,'2021-12-25 ','2022-01-01 '),
	(134,50,'2022-06-16 ','2022-06-23 '),
	(135,2,'2020-12-29 ','2021-01-05 '),
	(136,15,'2021-03-31 ','2021-04-07 '),
	(137,4,'2024-05-08 ','2024-05-15 '),
	(138,23,'2021-03-10 ','2021-03-17 '),
	(139,17,'2021-08-17 ','2021-08-24 '),
	(140,47,'2020-09-28 ','2020-10-05 '),
	(141,12,'2020-10-23 ','2020-10-30 '),
	(142,50,'2021-10-23 ','2021-10-30 '),
	(143,29,'2021-11-05 ','2021-11-12 '),
	(144,22,'2020-10-27 ','2020-11-03 '),
	(145,34,'2023-09-24 ','2023-10-01 '),
	(146,35,'2020-02-02 ','2020-02-09 '),
	(147,32,'2023-12-18 ','2023-12-25 '),
	(148,46,'2021-08-03 ','2021-08-10 '),
	(149,41,'2022-08-04 ','2022-08-11 '),
	(150,10,'2022-09-26 ','2022-10-03 '),
	(151,25,'2021-07-20 ','2021-07-27 '),
	(152,6,'2023-05-30 ','2023-06-06 '),
	(153,20,'2022-11-05 ','2022-11-12 '),
	(154,42,'2020-10-23 ','2020-10-30 '),
	(155,28,'2020-07-27 ','2020-08-03 '),
	(156,27,'2023-04-03 ','2023-04-10 '),
	(157,49,'2022-05-08 ','2022-05-15 '),
	(158,22,'2020-11-29 ','2020-12-06 '),
	(159,35,'2024-03-10 ','2024-03-17 '),
	(160,50,'2022-02-08 ','2022-02-15 '),
	(161,13,'2023-11-24 ','2023-12-01 '),
	(162,36,'2020-02-01 ','2020-02-08 '),
	(163,2,'2021-04-24 ','2021-05-01 '),
	(164,34,'2023-03-19 ','2023-03-26 '),
	(165,23,'2023-11-23 ','2023-11-30 '),
	(166,2,'2024-02-14 ','2024-02-21 '),
	(167,3,'2023-01-18 ','2023-01-25 '),
	(168,37,'2024-03-09 ','2024-03-16 '),
	(169,43,'2022-02-05 ','2022-02-12 '),
	(170,33,'2021-05-23 ','2021-05-30 '),
	(171,17,'2022-09-28 ','2022-10-05 '),
	(172,45,'2023-05-07 ','2023-05-14 '),
	(173,36,'2022-06-14 ','2022-06-21 '),
	(174,46,'2021-12-13 ','2021-12-20 '),
	(175,7,'2024-04-19 ','2024-04-26 '),
	(176,21,'2021-07-01 ','2021-07-08 '),
	(177,35,'2022-08-28 ','2022-09-04 '),
	(178,19,'2024-04-01 ','2024-04-08 '),
	(179,4,'2020-10-02 ','2020-10-09 '),
	(180,12,'2023-08-15 ','2023-08-22 '),
	(181,4,'2024-03-10 ','2024-03-17 '),
	(182,2,'2020-02-03 ','2020-02-10 '),
	(183,40,'2022-06-20 ','2022-06-27 '),
	(184,7,'2021-01-01 ','2021-01-08 '),
	(185,15,'2023-04-22 ','2023-04-29 '),
	(186,47,'2023-01-22 ','2023-01-29 '),
	(187,16,'2022-04-11 ','2022-04-18 '),
	(188,32,'2022-02-14 ','2022-02-21 '),
	(189,30,'2020-07-23 ','2020-07-30 '),
	(190,22,'2023-06-21 ','2023-06-28 '),
	(191,10,'2021-12-23 ','2021-12-30 '),
	(192,31,'2020-10-26 ','2020-11-02 '),
	(193,46,'2022-02-08 ','2022-02-15 '),
	(194,9,'2020-12-17 ','2020-12-24 '),
	(195,29,'2023-12-11 ','2023-12-18 '),
	(196,29,'2023-11-16 ','2023-11-23 '),
	(197,45,'2024-05-01 ','2024-05-08 '),
	(198,27,'2020-02-04 ','2020-02-11 '),
	(199,8,'2021-07-22 ','2021-07-29 '),
	(200,38,'2022-07-05 ','2022-07-12 '),
	(201,36,'2022-10-02 ','2022-10-09 '),
	(202,7,'2023-08-13 ','2023-08-20 '),
	(203,44,'2020-03-18 ','2020-03-25 '),
	(204,4,'2023-06-02 ','2023-06-09 '),
	(205,22,'2021-04-11 ','2021-04-18 '),
	(206,25,'2020-10-12 ','2020-10-19 '),
	(207,37,'2023-11-26 ','2023-12-03 '),
	(208,1,'2022-03-10 ','2022-03-17 '),
	(209,2,'2021-09-07 ','2021-09-14 '),
	(210,40,'2021-06-15 ','2021-06-22 '),
	(211,7,'2020-10-27 ','2020-11-03 '),
	(212,6,'2023-12-29 ','2024-01-05 '),
	(213,46,'2023-03-05 ','2023-03-12 '),
	(214,38,'2023-02-24 ','2023-03-03 '),
	(215,41,'2021-07-15 ','2021-07-22 '),
	(216,2,'2021-05-13 ','2021-05-20 '),
	(217,48,'2021-05-04 ','2021-05-11 '),
	(218,45,'2021-03-31 ','2021-04-07 '),
	(219,13,'2022-10-01 ','2022-10-08 '),
	(220,16,'2020-05-19 ','2020-05-26 '),
	(221,9,'2022-04-30 ','2022-05-07 '),
	(222,26,'2023-03-13 ','2023-03-20 '),
	(223,11,'2021-06-29 ','2021-07-06 '),
	(224,19,'2024-05-30 ','2024-06-06 '),
	(225,30,'2020-04-06 ','2020-04-13 '),
	(226,11,'2022-10-12 ','2022-10-19 '),
	(227,10,'2020-09-12 ','2020-09-19 '),
	(228,27,'2023-09-27 ','2023-10-04 '),
	(229,37,'2023-03-24 ','2023-03-31 '),
	(230,47,'2020-02-18 ','2020-02-25 '),
	(231,4,'2021-06-10 ','2021-06-17 '),
	(232,23,'2020-01-29 ','2020-02-05 '),
	(233,14,'2021-03-08 ','2021-03-15 '),
	(234,31,'2020-12-23 ','2020-12-30 '),
	(235,28,'2021-05-15 ','2021-05-22 '),
	(236,9,'2021-02-13 ','2021-02-20 '),
	(237,32,'2021-01-30 ','2021-02-06 '),
	(238,44,'2021-12-20 ','2021-12-27 '),
	(239,41,'2023-05-23 ','2023-05-30 '),
	(240,8,'2020-05-30 ','2020-06-06 '),
	(241,6,'2022-10-21 ','2022-10-28 '),
	(242,17,'2023-12-13 ','2023-12-20 '),
	(243,16,'2020-03-24 ','2020-03-31 '),
	(244,48,'2024-04-10 ','2024-04-17 '),
	(245,42,'2020-02-24 ','2020-03-02 '),
	(246,3,'2024-04-03 ','2024-04-10 '),
	(247,31,'2021-10-08 ','2021-10-15 '),
	(248,29,'2021-04-08 ','2021-04-15 '),
	(249,39,'2022-01-12 ','2022-01-19 '),
	(250,11,'2020-08-07 ','2020-08-14 ');
INSERT INTO `trips` VALUES (251,35,'2022-04-09 ','2022-04-16 '),
	(252,40,'2021-10-06 ','2021-10-13 '),
	(253,14,'2022-08-16 ','2022-08-23 '),
	(254,23,'2023-01-03 ','2023-01-10 '),
	(255,27,'2021-01-13 ','2021-01-20 '),
	(256,43,'2020-05-27 ','2020-06-03 '),
	(257,15,'2022-09-07 ','2022-09-14 '),
	(258,33,'2020-05-31 ','2020-06-07 '),
	(259,36,'2020-08-22 ','2020-08-29 '),
	(260,27,'2020-03-15 ','2020-03-22 '),
	(261,47,'2023-07-14 ','2023-07-21 '),
	(262,1,'2021-07-09 ','2021-07-16 '),
	(263,39,'2023-09-26 ','2023-10-03 '),
	(264,23,'2024-01-14 ','2024-01-21 '),
	(265,38,'2024-05-31 ','2024-06-07 '),
	(266,40,'2022-12-06 ','2022-12-13 '),
	(267,3,'2021-02-13 ','2021-02-20 '),
	(268,5,'2024-03-16 ','2024-03-23 '),
	(269,9,'2023-06-08 ','2023-06-15 '),
	(270,20,'2022-08-20 ','2022-08-27 '),
	(271,44,'2020-07-20 ','2020-07-27 '),
	(272,29,'2023-04-18 ','2023-04-25 '),
	(273,15,'2020-05-04 ','2020-05-11 '),
	(274,36,'2023-08-08 ','2023-08-15 '),
	(275,19,'2022-02-21 ','2022-02-28 '),
	(276,17,'2021-04-16 ','2021-04-23 '),
	(277,43,'2023-01-09 ','2023-01-16 '),
	(278,45,'2020-06-20 ','2020-06-27 '),
	(279,49,'2021-03-15 ','2021-03-22 '),
	(280,41,'2020-04-16 ','2020-04-23 '),
	(281,26,'2021-07-06 ','2021-07-13 '),
	(282,25,'2023-02-06 ','2023-02-13 '),
	(283,34,'2024-02-27 ','2024-03-05 '),
	(284,47,'2021-03-10 ','2021-03-17 '),
	(285,42,'2022-09-24 ','2022-10-01 '),
	(286,12,'2024-01-15 ','2024-01-22 '),
	(287,7,'2023-06-02 ','2023-06-09 '),
	(288,33,'2022-02-06 ','2022-02-13 '),
	(289,35,'2021-11-03 ','2021-11-10 '),
	(290,10,'2023-07-08 ','2023-07-15 '),
	(291,49,'2020-09-28 ','2020-10-05 '),
	(292,46,'2024-02-16 ','2024-02-23 '),
	(293,26,'2022-12-11 ','2022-12-18 '),
	(294,37,'2022-02-08 ','2022-02-15 '),
	(295,11,'2024-02-01 ','2024-02-08 '),
	(296,15,'2022-03-22 ','2022-03-29 '),
	(297,19,'2023-07-08 ','2023-07-15 '),
	(298,47,'2022-05-01 ','2022-05-08 '),
	(299,6,'2023-11-30 ','2023-12-07 '),
	(300,29,'2021-02-06 ','2021-02-13 '),
	(301,28,'2023-06-29 ','2023-07-06 '),
	(302,23,'2021-03-26 ','2021-04-02 '),
	(303,32,'2020-11-16 ','2020-11-23 '),
	(304,49,'2021-10-01 ','2021-10-08 '),
	(305,40,'2020-11-13 ','2020-11-20 '),
	(306,16,'2020-02-02 ','2020-02-09 '),
	(307,50,'2022-09-24 ','2022-10-01 '),
	(308,2,'2023-03-08 ','2023-03-15 '),
	(309,30,'2023-09-11 ','2023-09-18 '),
	(310,19,'2023-05-02 ','2023-05-09 '),
	(311,33,'2022-03-30 ','2022-04-06 '),
	(312,27,'2024-03-09 ','2024-03-16 '),
	(313,48,'2023-07-12 ','2023-07-19 '),
	(314,8,'2022-02-11 ','2022-02-18 '),
	(315,12,'2023-12-07 ','2023-12-14 '),
	(316,19,'2021-06-23 ','2021-06-30 '),
	(317,45,'2024-01-09 ','2024-01-16 '),
	(318,7,'2022-06-11 ','2022-06-18 '),
	(319,40,'2021-12-04 ','2021-12-11 '),
	(320,26,'2021-03-20 ','2021-03-27 '),
	(321,11,'2020-08-06 ','2020-08-13 '),
	(322,13,'2023-10-29 ','2023-11-05 '),
	(323,17,'2021-03-26 ','2021-04-02 '),
	(324,1,'2021-05-11 ','2021-05-18 '),
	(325,36,'2023-10-17 ','2023-10-24 '),
	(326,3,'2024-05-28 ','2024-06-04 '),
	(327,4,'2023-01-13 ','2023-01-20 '),
	(328,39,'2023-11-09 ','2023-11-16 '),
	(329,14,'2023-03-19 ','2023-03-26 '),
	(330,20,'2022-09-24 ','2022-10-01 '),
	(331,33,'2022-01-08 ','2022-01-15 '),
	(332,8,'2023-04-20 ','2023-04-27 '),
	(333,39,'2022-11-17 ','2022-11-24 '),
	(334,29,'2021-12-24 ','2021-12-31 '),
	(335,16,'2023-06-24 ','2023-07-01 '),
	(336,30,'2021-06-05 ','2021-06-12 '),
	(337,41,'2020-05-04 ','2020-05-11 '),
	(338,28,'2020-12-25 ','2021-01-01 '),
	(339,11,'2023-08-26 ','2023-09-02 '),
	(340,14,'2023-03-05 ','2023-03-12 '),
	(341,48,'2021-03-30 ','2021-04-06 '),
	(342,45,'2023-12-26 ','2024-01-02 '),
	(343,15,'2023-11-17 ','2023-11-24 '),
	(344,20,'2023-07-13 ','2023-07-20 '),
	(345,42,'2022-02-05 ','2022-02-12 '),
	(346,10,'2022-06-14 ','2022-06-21 '),
	(347,40,'2021-09-09 ','2021-09-16 '),
	(348,2,'2022-07-15 ','2022-07-22 '),
	(349,43,'2021-01-03 ','2021-01-10 '),
	(350,48,'2022-07-25 ','2022-08-01 '),
	(351,46,'2022-02-09 ','2022-02-16 '),
	(352,38,'2020-05-13 ','2020-05-20 '),
	(353,15,'2023-09-14 ','2023-09-21 '),
	(354,45,'2020-12-06 ','2020-12-13 '),
	(355,39,'2020-02-23 ','2020-03-01 '),
	(356,27,'2023-08-08 ','2023-08-15 '),
	(357,17,'2022-03-25 ','2022-04-01 '),
	(358,22,'2024-01-27 ','2024-02-03 '),
	(359,1,'2021-04-02 ','2021-04-09 '),
	(360,9,'2023-05-11 ','2023-05-18 '),
	(361,38,'2021-01-12 ','2021-01-19 '),
	(362,23,'2023-06-11 ','2023-06-18 '),
	(363,4,'2020-05-05 ','2020-05-12 '),
	(364,49,'2023-05-27 ','2023-06-03 '),
	(365,18,'2020-05-14 ','2020-05-21 '),
	(366,46,'2020-04-02 ','2020-04-09 '),
	(367,11,'2020-07-07 ','2020-07-14 '),
	(368,8,'2022-10-08 ','2022-10-15 '),
	(369,33,'2022-12-03 ','2022-12-10 '),
	(370,34,'2024-03-15 ','2024-03-22 '),
	(371,12,'2024-01-25 ','2024-02-01 '),
	(372,16,'2020-01-09 ','2020-01-16 '),
	(373,45,'2022-12-11 ','2022-12-18 '),
	(374,48,'2021-08-19 ','2021-08-26 '),
	(375,17,'2024-05-12 ','2024-05-19 '),
	(376,13,'2023-08-23 ','2023-08-30 '),
	(377,6,'2023-08-18 ','2023-08-25 '),
	(378,8,'2020-10-12 ','2020-10-19 '),
	(379,39,'2022-01-23 ','2022-01-30 '),
	(380,5,'2022-09-26 ','2022-10-03 '),
	(381,34,'2020-01-03 ','2020-01-10 '),
	(382,46,'2022-02-08 ','2022-02-15 '),
	(383,29,'2022-11-30 ','2022-12-07 '),
	(384,37,'2022-04-23 ','2022-04-30 '),
	(385,25,'2021-05-12 ','2021-05-19 '),
	(386,10,'2021-06-22 ','2021-06-29 '),
	(387,24,'2020-01-23 ','2020-01-30 '),
	(388,7,'2024-01-24 ','2024-01-31 '),
	(389,49,'2023-03-21 ','2023-03-28 '),
	(390,9,'2021-09-29 ','2021-10-06 '),
	(391,14,'2021-11-29 ','2021-12-06 '),
	(392,50,'2020-12-17 ','2020-12-24 '),
	(393,27,'2020-09-25 ','2020-10-02 '),
	(394,4,'2022-05-08 ','2022-05-15 '),
	(395,25,'2023-04-02 ','2023-04-09 '),
	(396,28,'2020-06-16 ','2020-06-23 '),
	(397,23,'2021-10-21 ','2021-10-28 '),
	(398,9,'2020-02-27 ','2020-03-05 '),
	(399,18,'2022-04-18 ','2022-04-25 '),
	(400,44,'2020-06-10 ','2020-06-17 '),
	(401,13,'2022-03-16 ','2022-03-23 '),
	(402,32,'2021-04-25 ','2021-05-02 '),
	(403,42,'2022-05-08 ','2022-05-15 '),
	(404,46,'2024-05-01 ','2024-05-08 '),
	(405,35,'2021-11-21 ','2021-11-28 '),
	(406,1,'2023-07-02 ','2023-07-09 '),
	(407,27,'2020-06-06 ','2020-06-13 '),
	(408,2,'2023-11-04 ','2023-11-11 '),
	(409,7,'2022-07-01 ','2022-07-08 '),
	(410,30,'2023-06-06 ','2023-06-13 '),
	(411,21,'2023-05-05 ','2023-05-12 '),
	(412,17,'2023-07-16 ','2023-07-23 '),
	(413,42,'2023-01-31 ','2023-02-07 '),
	(414,43,'2021-06-23 ','2021-06-30 '),
	(415,41,'2021-06-21 ','2021-06-28 '),
	(416,12,'2021-01-01 ','2021-01-08 '),
	(417,16,'2024-04-10 ','2024-04-17 '),
	(418,20,'2024-04-17 ','2024-04-24 '),
	(419,31,'2022-02-02 ','2022-02-09 '),
	(420,36,'2023-12-29 ','2024-01-05 '),
	(421,22,'2021-02-11 ','2021-02-18 '),
	(422,40,'2021-12-28 ','2022-01-04 '),
	(423,7,'2022-05-15 ','2022-05-22 '),
	(424,39,'2021-05-11 ','2021-05-18 '),
	(425,6,'2023-03-26 ','2023-04-02 '),
	(426,41,'2022-11-07 ','2022-11-14 '),
	(427,27,'2023-07-14 ','2023-07-21 '),
	(428,8,'2020-11-27 ','2020-12-04 '),
	(429,5,'2022-01-04 ','2022-01-11 '),
	(430,20,'2020-01-20 ','2020-01-27 '),
	(431,35,'2021-01-24 ','2021-01-31 '),
	(432,24,'2020-01-06 ','2020-01-13 '),
	(433,46,'2020-03-31 ','2020-04-07 '),
	(434,1,'2020-05-14 ','2020-05-21 '),
	(435,50,'2022-07-02 ','2022-07-09 '),
	(436,32,'2022-09-28 ','2022-10-05 '),
	(437,35,'2020-04-13 ','2020-04-20 '),
	(438,33,'2022-02-22 ','2022-03-01 '),
	(439,38,'2021-04-20 ','2021-04-27 '),
	(440,3,'2022-02-16 ','2022-02-23 '),
	(441,6,'2021-07-31 ','2021-08-07 '),
	(442,16,'2021-12-07 ','2021-12-14 '),
	(443,8,'2020-04-26 ','2020-05-03 '),
	(444,44,'2020-09-20 ','2020-09-27 '),
	(445,9,'2021-11-10 ','2021-11-17 '),
	(446,27,'2021-06-20 ','2021-06-27 '),
	(447,24,'2020-03-12 ','2020-03-19 '),
	(448,50,'2023-04-10 ','2023-04-17 '),
	(449,43,'2020-07-17 ','2020-07-24 '),
	(450,19,'2021-07-27 ','2021-08-03 '),
	(451,34,'2023-08-01 ','2023-08-08 '),
	(452,45,'2021-08-03 ','2021-08-10 '),
	(453,48,'2021-05-11 ','2021-05-18 '),
	(454,6,'2022-06-23 ','2022-06-30 '),
	(455,17,'2022-08-23 ','2022-08-30 '),
	(456,47,'2021-09-07 ','2021-09-14 '),
	(457,22,'2022-05-09 ','2022-05-16 '),
	(458,26,'2022-09-24 ','2022-10-01 '),
	(459,23,'2020-09-11 ','2020-09-18 '),
	(460,9,'2020-05-28 ','2020-06-04 '),
	(461,38,'2022-04-21 ','2022-04-28 '),
	(462,32,'2023-11-17 ','2023-11-24 '),
	(463,12,'2022-06-03 ','2022-06-10 '),
	(464,41,'2022-11-02 ','2022-11-09 '),
	(465,25,'2023-01-02 ','2023-01-09 '),
	(466,6,'2020-07-31 ','2020-08-07 '),
	(467,26,'2021-01-28 ','2021-02-04 '),
	(468,24,'2021-06-14 ','2021-06-21 '),
	(469,31,'2021-08-08 ','2021-08-15 '),
	(470,12,'2024-04-20 ','2024-04-27 '),
	(471,49,'2022-12-05 ','2022-12-12 '),
	(472,50,'2022-06-23 ','2022-06-30 '),
	(473,18,'2022-06-23 ','2022-06-30 '),
	(474,11,'2023-10-26 ','2023-11-02 '),
	(475,39,'2021-03-09 ','2021-03-16 '),
	(476,14,'2023-08-05 ','2023-08-12 '),
	(477,22,'2023-01-08 ','2023-01-15 '),
	(478,3,'2020-09-20 ','2020-09-27 '),
	(479,25,'2020-08-31 ','2020-09-07 '),
	(480,4,'2022-05-21 ','2022-05-28 '),
	(481,44,'2024-01-19 ','2024-01-26 '),
	(482,21,'2022-05-18 ','2022-05-25 '),
	(483,9,'2023-10-03 ','2023-10-10 '),
	(484,45,'2023-10-31 ','2023-11-07 '),
	(485,38,'2021-08-06 ','2021-08-13 '),
	(486,19,'2022-05-06 ','2022-05-13 '),
	(487,20,'2020-01-27 ','2020-02-03 '),
	(488,8,'2023-04-02 ','2023-04-09 '),
	(489,16,'2020-07-14 ','2020-07-21 '),
	(490,28,'2023-01-18 ','2023-01-25 '),
	(491,27,'2022-03-12 ','2022-03-19 '),
	(492,32,'2021-11-18 ','2021-11-25 '),
	(493,7,'2020-07-23 ','2020-07-30 '),
	(494,30,'2024-04-20 ','2024-04-27 '),
	(495,1,'2024-01-11 ','2024-01-18 '),
	(496,43,'2023-12-12 ','2023-12-19 '),
	(497,35,'2021-06-07 ','2021-06-14 '),
	(498,40,'2020-12-30 ','2021-01-06 '),
	(499,2,'2020-12-23 ','2020-12-30 '),
	(500,37,'2021-04-26 ','2021-05-03 ');

    -- flightBookings data
    INSERT INTO `flightBookings` (`id`,`traveler_id`,`flight_number`,`trip_id`)
VALUES
(1,36,7,28),
(2,11,98,47),
(3,48,141,486),
(4,34,91,473),
(5,25,94,287),
(6,45,110,41),
(7,17,38,307),
(8,29,34,190),
(9,31,81,283),
(10,39,37,362),
(11,50,129,107),
(12,12,132,96),
(13,8,41,156),
(14,41,143,420),
(15,49,57,49),
(16,22,116,391),
(17,2,15,57),
(18,14,125,75),
(19,13,28,302),
(20,16,48,201),
(21,6,63,260),
(22,5,22,295),
(23,24,109,109),
(24,20,98,309),
(25,3,47,461),
(26,7,9,130),
(27,15,136,317),
(28,42,2,368),
(29,9,104,399),
(30,32,35,9),
(31,43,98,174),
(32,36,10,208),
(33,1,112,472),
(34,48,76,76),
(35,15,74,337),
(36,14,140,181),
(37,7,111,166),
(38,37,66,162),
(39,23,48,408),
(40,46,21,365),
(41,47,103,95),
(42,8,104,303),
(43,19,66,438),
(44,21,68,330),
(45,39,49,200),
(46,34,136,149),
(47,49,18,225),
(48,20,122,22),
(49,11,124,466),
(50,4,56,136),
(51,41,27,436),
(52,38,3,161),
(53,2,114,377),
(54,3,134,112),
(55,17,11,298),
(56,18,43,374),
(57,25,121,114),
(58,29,111,237),
(59,26,20,297),
(60,31,2,285),
(61,44,75,458),
(62,24,96,310),
(63,13,2,417),
(64,42,60,374),
(65,33,24,204),
(66,36,116,75),
(67,30,4,440),
(68,25,99,37),
(69,47,85,145),
(70,5,92,144),
(71,24,137,482),
(72,17,39,317),
(73,50,34,461),
(74,40,31,13),
(75,32,45,346),
(76,35,107,25),
(77,9,76,319),
(78,1,22,468),
(79,11,33,150),
(80,4,34,386),
(81,15,42,282),
(82,29,116,431),
(83,34,22,67),
(84,8,24,103),
(85,31,80,157),
(86,41,125,449),
(87,3,14,268),
(88,45,78,460),
(89,7,48,365),
(90,28,11,272),
(91,48,84,71),
(92,19,118,345),
(93,20,36,50),
(94,4,26,133),
(95,38,93,291),
(96,45,15,30),
(97,27,104,214),
(98,30,19,6),
(99,43,129,371),
(100,47,57,379),
(101,29,50,255),
(102,50,92,286),
(103,16,111,338),
(104,8,42,82),
(105,19,52,498),
(106,49,75,34),
(107,12,90,9),
(108,22,70,168),
(109,36,34,59),
(110,6,135,201),
(111,13,131,388),
(112,1,108,422),
(113,48,27,135),
(114,28,52,356),
(115,2,35,155),
(116,40,87,147),
(117,32,19,401),
(118,46,88,69),
(119,9,139,485),
(120,34,78,26),
(121,37,8,457),
(122,39,134,78),
(123,14,117,186),
(124,24,64,430),
(125,44,108,105),
(126,10,52,290),
(127,33,9,451),
(128,22,50,62),
(129,31,17,196),
(130,15,126,144),
(131,11,44,71),
(132,21,63,273),
(133,23,14,13),
(134,39,105,37),
(135,34,141,228),
(136,28,51,366),
(137,6,26,34),
(138,50,127,490),
(139,43,106,280),
(140,12,47,500),
(141,47,78,358),
(142,16,38,370),
(143,7,137,422),
(144,46,119,380),
(145,14,34,189),
(146,42,126,163),
(147,19,94,11),
(148,3,65,252),
(149,25,73,300),
(150,1,122,417),
(151,32,59,264),
(152,2,30,66),
(153,5,48,367),
(154,8,41,89),
(155,48,86,405),
(156,43,27,229),
(157,34,61,209),
(158,46,65,464),
(159,15,122,423),
(160,24,108,88),
(161,36,133,128),
(162,23,137,293),
(163,48,2,463),
(164,5,48,322),
(165,37,88,344),
(166,33,124,11),
(167,21,99,446),
(168,6,35,271),
(169,32,114,39),
(170,19,7,141),
(171,30,29,25),
(172,11,61,9),
(173,39,139,469),
(174,10,61,416),
(175,14,2,113),
(176,28,46,365),
(177,8,27,472),
(178,42,27,424),
(179,2,104,200),
(180,12,90,40),
(181,29,47,185),
(182,26,143,332),
(183,16,86,56),
(184,3,120,488),
(185,31,27,17),
(186,25,23,52),
(187,10,42,428),
(188,44,31,113),
(189,32,135,450),
(190,47,56,477),
(191,29,92,251),
(192,13,139,414),
(193,18,60,335),
(194,7,82,285),
(195,12,97,49),
(196,1,77,76),
(197,25,128,13),
(198,11,115,59),
(199,19,42,23),
(200,45,95,417),
(201,21,92,248),
(202,6,25,142),
(203,9,121,309),
(204,4,42,425),
(205,40,128,247),
(206,41,21,400),
(207,31,49,242),
(208,24,93,62),
(209,49,19,228),
(210,48,138,430),
(211,28,115,485),
(212,50,2,266),
(213,35,104,214),
(214,46,44,315),
(215,30,10,411),
(216,5,102,441),
(217,39,64,135),
(218,29,86,495),
(219,38,5,75),
(220,32,57,151),
(221,46,17,297),
(222,12,97,133),
(223,33,109,180),
(224,28,22,402),
(225,17,47,433),
(226,20,97,435),
(227,45,58,366),
(228,30,133,316),
(229,34,111,73),
(230,21,131,422),
(231,43,69,468),
(232,19,39,116),
(233,7,22,398),
(234,6,108,125),
(235,13,135,430),
(236,24,9,380),
(237,2,96,199),
(238,40,52,491),
(239,18,136,255),
(240,36,8,43),
(241,4,30,279),
(242,42,71,325),
(243,5,131,106),
(244,16,85,493),
(245,22,58,113),
(246,50,59,396),
(247,47,4,120),
(248,49,35,394),
(249,37,91,335),
(250,43,81,221),
(251,15,65,66),
(252,18,17,34),
(253,30,69,182),
(254,32,61,122),
(255,26,7,408),
(256,36,116,467),
(257,25,115,427),
(258,48,75,56),
(259,24,14,446),
(260,22,2,51),
(261,40,21,355),
(262,44,104,266),
(263,12,28,385),
(264,9,41,459),
(265,47,10,492),
(266,21,43,1),
(267,46,15,369),
(268,28,15,309),
(269,7,81,454),
(270,8,99,458),
(271,5,93,165),
(272,38,30,400),
(273,23,90,210),
(274,13,34,480),
(275,1,111,231),
(276,10,106,99),
(277,16,100,26),
(278,39,114,295),
(279,19,98,242),
(280,23,2,476),
(281,46,130,159),
(282,8,36,25),
(283,7,102,426),
(284,14,21,325),
(285,47,120,318),
(286,37,15,173),
(287,13,82,38),
(288,39,121,314),
(289,40,8,254),
(290,36,54,310),
(291,42,131,339),
(292,29,78,239),
(293,28,85,369),
(294,27,138,266),
(295,16,75,334),
(296,49,94,281),
(297,45,21,210),
(298,43,19,497),
(299,38,124,278),
(300,20,24,489),
(301,34,38,437),
(302,6,49,114),
(303,44,36,349),
(304,3,70,224),
(305,25,143,214),
(306,11,46,283),
(307,31,8,162),
(308,2,79,226),
(309,26,5,375),
(310,50,4,184),
(311,17,57,21),
(312,24,114,8),
(313,13,63,214),
(314,33,68,340),
(315,11,92,491),
(316,45,7,195),
(317,29,25,207),
(318,15,77,269),
(319,4,133,287),
(320,34,19,252),
(321,19,45,124),
(322,48,34,147),
(323,10,28,151),
(324,27,14,145),
(325,50,50,183),
(326,39,58,393),
(327,31,81,263),
(328,43,49,307),
(329,5,97,65),
(330,28,85,3),
(331,3,9,69),
(332,23,92,44),
(333,41,134,343),
(334,30,132,28),
(335,25,60,48),
(336,21,29,155),
(337,26,90,22),
(338,6,70,126),
(339,18,130,481),
(340,12,95,390),
(341,49,32,146),
(342,4,137,261),
(343,21,129,74),
(344,40,69,416),
(345,31,95,408),
(346,10,123,211),
(347,33,68,353),
(348,24,38,84),
(349,17,18,110),
(350,37,78,423),
(351,46,108,179),
(352,11,50,20),
(353,13,118,335),
(354,2,59,385),
(355,18,115,169),
(356,25,139,52),
(357,1,127,497),
(358,38,121,294),
(359,26,83,204),
(360,48,85,371),
(361,23,37,109),
(362,36,125,83),
(363,8,55,117),
(364,30,134,378),
(365,6,71,139),
(366,20,47,90),
(367,27,116,257),
(368,5,53,160),
(369,14,12,374),
(370,32,11,6),
(371,49,34,131),
(372,15,84,446),
(373,36,133,453),
(374,13,31,237),
(375,5,137,222),
(376,22,75,162),
(377,15,36,399),
(378,6,48,408),
(379,27,1,447),
(380,10,126,148),
(381,3,62,225),
(382,19,129,277),
(383,46,72,21),
(384,33,19,52),
(385,24,94,65),
(386,38,78,131),
(387,11,113,414),
(388,8,69,91),
(389,42,113,487),
(390,44,37,318),
(391,12,65,250),
(392,28,131,345),
(393,45,50,492),
(394,34,127,209),
(395,9,7,140),
(396,7,105,438),
(397,20,128,344),
(398,30,76,311),
(399,1,46,346),
(400,21,6,300),
(401,23,39,144),
(402,29,54,130),
(403,37,24,302),
(404,13,76,311),
(405,19,133,485),
(406,15,143,86),
(407,40,38,335),
(408,10,127,141),
(409,16,102,295),
(410,5,131,263),
(411,50,22,116),
(412,45,60,262),
(413,7,16,348),
(414,31,143,6),
(415,9,129,241),
(416,12,56,129),
(417,8,80,26),
(418,37,127,417),
(419,22,117,472),
(420,1,11,149),
(421,42,79,276),
(422,23,32,97),
(423,20,101,333),
(424,6,8,378),
(425,38,51,421),
(426,2,133,336),
(427,17,8,44),
(428,14,48,289),
(429,47,4,115),
(430,32,3,237),
(431,26,69,426),
(432,44,12,488),
(433,39,138,165),
(434,34,115,50),
(435,33,99,402),
(436,7,93,177),
(437,29,13,372),
(438,17,20,474),
(439,19,83,44),
(440,13,26,25),
(441,5,110,214),
(442,40,94,391),
(443,48,85,423),
(444,36,105,492),
(445,49,78,244),
(446,34,132,350),
(447,3,87,415),
(448,22,66,419),
(449,45,19,345),
(450,20,135,456),
(451,16,38,151),
(452,1,118,229),
(453,12,108,414),
(454,38,75,133),
(455,14,104,274),
(456,26,33,85),
(457,41,132,218),
(458,50,132,220),
(459,30,51,171),
(460,23,135,398),
(461,21,109,412),
(462,44,74,35),
(463,43,37,351),
(464,28,16,374),
(465,11,2,452),
(466,29,18,63),
(467,7,124,77),
(468,3,139,180),
(469,15,20,147),
(470,21,112,437),
(471,34,59,183),
(472,9,77,324),
(473,1,72,76),
(474,10,33,273),
(475,40,82,127),
(476,39,20,81),
(477,48,65,387),
(478,50,126,184),
(479,16,84,157),
(480,14,78,359),
(481,25,117,381),
(482,44,130,269),
(483,22,41,371),
(484,17,94,158),
(485,6,51,413),
(486,13,125,75),
(487,38,1,453),
(488,28,70,417),
(489,5,60,65),
(490,43,58,264),
(491,18,62,434),
(492,45,116,36),
(493,35,35,461),
(494,41,73,457),
(495,8,9,263),
(496,46,92,225),
(497,44,94,392),
(498,43,49,297),
(499,25,116,288),
(500,19,6,85),
(501,38,44,481),
(502,12,6,22),
(503,36,136,24),
(504,3,106,100),
(505,13,66,132),
(506,42,120,20),
(507,11,30,351),
(508,16,103,159),
(509,24,78,282),
(510,8,42,212),
(511,15,137,36),
(512,14,74,407),
(513,46,46,454),
(514,48,94,330),
(515,39,56,4),
(516,40,79,286),
(517,26,133,400),
(518,49,35,396),
(519,17,69,152),
(520,21,75,442),
(521,1,35,447),
(522,10,19,325),
(523,34,43,418),
(524,6,65,374),
(525,9,118,435),
(526,7,103,222),
(527,37,112,265),
(528,49,117,463),
(529,7,116,495),
(530,12,63,397),
(531,36,38,179),
(532,1,35,126),
(533,18,52,484),
(534,21,1,145),
(535,38,28,49),
(536,27,18,357),
(537,9,59,415),
(538,20,7,267),
(539,44,76,223),
(540,11,67,329),
(541,30,139,477),
(542,25,99,441),
(543,5,29,241),
(544,33,11,389),
(545,31,46,31),
(546,3,110,287),
(547,47,139,2),
(548,10,76,144),
(549,15,70,453),
(550,40,2,189),
(551,28,45,35),
(552,48,12,466),
(553,19,62,458),
(554,39,128,304),
(555,8,87,312),
(556,34,135,139),
(557,23,26,137),
(558,32,116,290),
(559,18,31,21),
(560,48,139,395),
(561,19,138,169),
(562,29,142,277),
(563,38,35,196),
(564,25,114,136),
(565,7,118,329),
(566,43,110,342),
(567,6,117,154),
(568,33,79,389),
(569,22,72,396),
(570,20,64,122),
(571,35,110,185),
(572,37,55,194),
(573,30,78,298),
(574,3,54,280),
(575,28,5,455),
(576,24,103,387),
(577,34,84,221),
(578,46,44,399),
(579,45,89,393),
(580,44,128,98),
(581,14,119,164),
(582,50,129,356),
(583,16,13,324),
(584,39,33,377),
(585,15,36,457),
(586,26,24,326),
(587,5,67,187),
(588,11,40,341),
(589,1,143,51),
(590,15,17,331),
(591,21,83,323),
(592,24,119,422),
(593,13,86,325),
(594,49,67,438),
(595,3,106,397),
(596,17,111,43),
(597,14,104,21),
(598,43,74,126),
(599,39,34,6),
(600,47,143,453),
(601,7,123,293),
(602,16,23,15),
(603,30,86,414),
(604,41,126,334),
(605,46,88,194),
(606,27,27,306),
(607,33,14,115),
(608,18,35,177),
(609,28,142,385),
(610,23,104,231),
(611,9,40,368),
(612,31,87,299),
(613,37,55,266),
(614,32,11,463),
(615,19,137,66),
(616,11,130,305),
(617,50,43,317),
(618,36,123,219),
(619,44,36,340),
(620,26,83,475),
(621,18,125,314),
(622,36,82,372),
(623,34,9,32),
(624,49,30,173),
(625,38,111,60),
(626,46,35,338),
(627,43,124,304),
(628,50,36,318),
(629,5,126,182),
(630,24,17,246),
(631,10,84,108),
(632,3,139,417),
(633,21,20,85),
(634,32,59,466),
(635,15,118,449),
(636,12,122,465),
(637,20,86,113),
(638,4,130,441),
(639,37,66,206),
(640,7,42,213),
(641,2,71,460),
(642,9,122,393),
(643,8,55,432),
(644,28,127,56),
(645,26,16,30),
(646,29,39,176),
(647,42,101,440),
(648,17,78,491),
(649,11,142,293),
(650,48,90,142),
(651,19,36,222),
(652,34,139,233),
(653,18,118,383),
(654,25,87,354),
(655,36,23,471),
(656,47,75,483),
(657,24,75,70),
(658,35,49,72),
(659,33,21,339),
(660,37,40,45),
(661,48,54,326),
(662,31,7,288),
(663,14,68,451),
(664,8,73,360),
(665,1,77,133),
(666,3,106,151),
(667,44,80,219),
(668,50,72,294),
(669,4,53,27),
(670,9,21,494),
(671,41,135,60),
(672,28,117,196),
(673,45,71,263),
(674,17,21,445),
(675,20,97,485),
(676,19,29,407),
(677,39,135,34),
(678,13,35,22),
(679,23,70,331),
(680,29,52,131),
(681,26,117,139),
(682,22,28,119),
(683,50,8,420),
(684,46,9,373),
(685,36,24,454),
(686,21,104,92),
(687,20,12,78),
(688,23,7,382),
(689,17,35,195),
(690,34,82,364),
(691,45,135,143),
(692,13,138,48),
(693,1,116,21),
(694,11,135,434),
(695,3,84,450),
(696,42,53,278),
(697,39,62,91),
(698,2,72,253),
(699,31,72,416),
(700,6,129,137),
(701,47,100,499),
(702,10,35,369),
(703,27,107,474),
(704,24,75,475),
(705,5,17,201),
(706,49,90,247),
(707,44,69,229),
(708,18,44,158),
(709,28,54,65),
(710,15,125,319),
(711,25,50,259),
(712,30,18,219),
(713,7,51,460),
(714,33,100,419),
(715,19,104,245),
(716,5,35,330),
(717,36,141,186),
(718,6,69,493),
(719,46,114,464),
(720,50,142,475),
(721,21,11,244),
(722,25,3,29),
(723,2,93,409),
(724,45,143,19),
(725,4,8,373),
(726,29,98,357),
(727,16,18,122),
(728,47,23,279),
(729,24,73,58),
(730,8,72,387),
(731,12,20,184),
(732,17,56,315),
(733,15,76,237),
(734,18,31,153),
(735,23,67,99),
(736,49,124,144),
(737,44,32,329),
(738,30,100,457),
(739,11,123,214),
(740,28,13,174),
(741,41,25,173),
(742,14,82,481),
(743,43,125,243),
(744,1,114,166),
(745,12,79,330),
(746,43,48,272),
(747,8,82,463),
(748,2,142,115),
(749,42,54,209),
(750,24,29,498),
(751,7,111,422),
(752,31,58,124),
(753,30,32,146),
(754,47,19,207),
(755,39,98,135),
(756,48,107,485),
(757,6,40,268),
(758,41,24,55),
(759,20,39,46),
(760,16,22,489),
(761,38,37,219),
(762,33,108,153),
(763,19,28,150),
(764,10,56,352),
(765,36,36,266),
(766,40,73,97),
(767,23,4,336),
(768,45,39,442),
(769,3,115,182),
(770,9,83,228),
(771,14,88,229),
(772,44,14,260),
(773,37,14,287),
(774,17,129,93),
(775,18,123,143),
(776,29,8,182),
(777,5,75,90),
(778,25,18,338),
(779,3,80,7),
(780,17,80,126),
(781,12,139,388),
(782,32,50,337),
(783,24,121,339),
(784,31,12,395),
(785,42,3,13),
(786,7,6,147),
(787,33,138,29),
(788,26,48,78),
(789,16,51,377),
(790,28,77,159),
(791,50,69,194),
(792,2,100,266),
(793,34,102,15),
(794,49,73,160),
(795,6,83,119),
(796,11,115,438),
(797,8,44,323),
(798,46,141,404),
(799,36,120,497),
(800,4,39,118),
(801,43,71,440),
(802,41,45,482),
(803,40,103,465),
(804,13,136,144),
(805,30,44,226),
(806,44,129,472),
(807,42,28,239),
(808,29,15,320),
(809,47,75,343),
(810,50,108,162),
(811,35,66,263),
(812,43,50,49),
(813,36,95,152),
(814,32,91,429),
(815,11,128,393),
(816,44,26,312),
(817,15,88,35),
(818,18,94,379),
(819,31,97,217),
(820,22,126,139),
(821,28,136,264),
(822,1,92,60),
(823,46,21,446),
(824,13,35,499),
(825,30,121,461),
(826,41,98,258),
(827,26,123,436),
(828,27,31,71),
(829,4,21,321),
(830,45,68,117),
(831,8,100,17),
(832,9,55,457),
(833,17,64,294),
(834,3,27,456),
(835,20,17,314),
(836,49,137,115),
(837,38,9,234),
(838,5,61,37),
(839,25,110,62),
(840,16,30,451),
(841,50,85,255),
(842,1,83,77),
(843,44,44,497),
(844,8,23,146),
(845,26,27,346),
(846,22,135,386),
(847,38,26,129),
(848,33,19,420),
(849,18,40,358),
(850,46,137,61),
(851,43,50,91),
(852,40,43,268),
(853,30,69,318),
(854,32,91,53),
(855,4,111,13),
(856,34,19,257),
(857,6,81,39),
(858,28,121,249),
(859,9,79,88),
(860,7,6,494),
(861,29,4,445),
(862,13,38,334),
(863,37,16,493),
(864,31,32,322),
(865,2,2,19),
(866,27,93,473),
(867,10,81,266),
(868,41,113,73),
(869,10,76,90),
(870,41,31,424),
(871,16,18,373),
(872,49,20,98),
(873,26,6,69),
(874,15,36,131),
(875,38,67,289),
(876,35,24,324),
(877,29,115,252),
(878,27,7,51),
(879,25,66,246),
(880,8,49,130),
(881,9,64,469),
(882,20,122,484),
(883,2,76,59),
(884,43,66,379),
(885,48,137,37),
(886,14,45,283),
(887,28,65,119),
(888,46,39,374),
(889,30,117,33),
(890,33,105,343),
(891,21,40,259),
(892,32,5,434),
(893,23,31,61),
(894,47,13,193),
(895,24,62,84),
(896,19,37,16),
(897,37,67,171),
(898,17,62,240),
(899,42,99,109),
(900,50,76,256),
(901,19,66,159),
(902,28,125,273),
(903,11,50,12),
(904,43,118,323),
(905,32,110,94),
(906,45,12,498),
(907,5,81,362),
(908,30,1,449),
(909,12,123,454),
(910,35,111,126),
(911,34,5,478),
(912,20,137,282),
(913,2,80,277),
(914,46,82,120),
(915,42,43,183),
(916,18,103,85),
(917,23,10,486),
(918,44,36,428),
(919,29,139,227),
(920,17,128,262),
(921,40,33,496),
(922,31,4,305),
(923,13,11,219),
(924,47,45,304),
(925,22,115,497),
(926,27,59,270),
(927,14,136,200),
(928,15,52,208),
(929,48,115,148),
(930,24,73,99),
(931,21,94,188),
(932,36,56,314),
(933,49,61,477),
(934,14,72,221),
(935,34,57,402),
(936,10,8,436),
(937,16,124,213),
(938,2,133,52),
(939,42,52,441),
(940,9,13,264),
(941,40,68,277),
(942,41,18,415),
(943,48,70,339),
(944,30,65,385),
(945,1,80,57),
(946,26,112,14),
(947,32,80,418),
(948,15,2,89),
(949,18,105,398),
(950,33,59,422),
(951,35,6,19),
(952,44,25,58),
(953,50,139,113),
(954,25,142,145),
(955,19,139,282),
(956,47,120,359),
(957,37,26,258),
(958,8,122,35),
(959,45,92,131),
(960,5,123,216),
(961,24,92,433),
(962,17,69,439),
(963,49,70,258),
(964,50,60,404),
(965,28,121,237),
(966,47,92,430),
(967,2,81,464),
(968,43,121,314),
(969,18,143,238),
(970,37,105,109),
(971,44,26,410),
(972,27,55,57),
(973,22,122,429),
(974,25,84,252),
(975,40,20,151),
(976,30,125,411),
(977,19,116,136),
(978,31,87,108),
(979,39,23,349),
(980,36,123,114),
(981,6,131,472),
(982,33,131,91),
(983,29,30,235),
(984,13,42,48),
(985,15,65,187),
(986,24,98,167),
(987,16,65,395),
(988,11,29,253),
(989,9,131,84),
(990,42,71,64),
(991,20,1,93),
(992,34,51,382),
(993,41,3,106),
(994,5,70,29),
(995,7,35,78),
(996,46,20,393),
(997,1,17,117),
(998,14,75,272),
(999,10,106,41),
(1000,4,85,495);


    -- dealAdmin data
INSERT INTO `dealAdministrators` VALUES (1,'hcogley0','cG5,rf8FR','Hercules','Cogley','Goyette LLC'),
	(2,'oduhamel1','bG7>7X,D','Odilia','Du Hamel','Kulas-Hane'),
	(3,'idradey2','eB5)@DJ}Yimp8),','Ingeborg','Dradey','Bartoletti, Sipes and Skiles'),
	(4,'dbabst3','pU4>6''mnB>1#c9@j','Debra','Babst','Pagac, Lakin and Homenick'),
	(5,'rohenery4','rS2?u}W>s','Richmound','O''Henery','Sipes Group'),
	(6,'gspencock5','jO3?0SgV@r|=bc','Gwynne','Spencock','Ziemann LLC'),
	(7,'efardo6','yK4`(JaHP$c\\kZ','Ethelind','Fardo','Lueilwitz-Rutherford'),
	(8,'rstockney7','vS6\\dhyq)}GH','Rafaela','Stockney','Yost, Bruen and Runte'),
	(9,'pmckerlie8','xR6+L/~ND>0C','Phylis','McKerlie','Dickens and Sons'),
	(10,'lcurds9','aH3#4*7+E','Lori','Curds','Klein and Sons'),
	(11,'mcarlyona','cG2%l@W{+jue#"@','Micheline','Carlyon','Cruickshank and Sons'),
	(12,'ebibeyb','vA1!IJyaJO{8+trt','Evered','Bibey','Jaskolski-Greenholt'),
	(13,'vtodhunterc','kF5`1QMc','Virgie','Todhunter','Hermann-Willms'),
	(14,'lfranzend','zU9}B?$s{txM.','Lelah','Franzen','Stracke, Rolfson and Rath'),
	(15,'abaracloughe','iR0,{`om','Aurel','Baraclough','Krajcik Group'),
	(16,'pdurbinf','mP9@/q(>Beq,PP*','Pinchas','Durbin','Hand, Olson and Fahey'),
	(17,'swestripg','yP2>Yf=E"8|~Fx*a','Stillmann','Westrip','Lebsack Inc'),
	(18,'rconstanth','gC8!@Brz?','Ricky','Constant','Hagenes-McGlynn'),
	(19,'tdevillei','tC4(D|YZ','Tuesday','Deville','Hamill, Howe and Konopelski'),
	(20,'mosburnj','pJ6~sPoF<4=OQw1_','Marybeth','Osburn','Renner Group'),
	(21,'bmacgettigenk','gO2,Qw%t)0%qM|<2','Brigida','MacGettigen','Rutherford, Dietrich and Satterfield'),
	(22,'ttschurschl','tU5%|%qCHI','Teriann','Tschursch','Will LLC'),
	(23,'ccodringtonm','bU5}O,63/','Corabel','Codrington','Champlin LLC'),
	(24,'narmittn','oO3\\,NAB$meOf','Natty','Armitt','Kunze-Padberg'),
	(25,'szamorao','aW5+19DN','Saundra','Zamora','Feeney-Spinka'),
	(26,'clinklaterp','bQ9>u6*ustv','Clarence','Linklater','Smith, Bayer and Hoeger'),
	(27,'ldulyq','wG7?I*bq?|yE|Ngq','Lavinia','Duly','Stanton, Little and Connelly'),
	(28,'apasser','aY0>bVhc`PQs?8C','Amalee','Passe','Rath-Pollich'),
	(29,'isedens','qR4+L<_C1Ln','Isak','Seden','Rice-Champlin'),
	(30,'dweabent','pK0,AM4Qz,~z,y&','Denis','Weaben','Williamson Inc'),
	(31,'adelahuntyu','uE1!7H*CGQX9.','Almeta','Delahunty','Beier LLC'),
	(32,'ahouchenv','jW8}@P{zWgO30,d(','Amble','Houchen','Ferry LLC'),
	(33,'mbollandsw','lK0&5K4DXWct\\n}','Marcile','Bollands','Medhurst-Schuppe'),
	(34,'joniansx','qZ2~VzIurMo|','Joseph','Onians','Wehner-Hermiston'),
	(35,'cheavysidey','zY6@s,<N<0>U','Carry','Heavyside','Weimann-Yundt'),
	(36,'kakeherstz','tT2,av&W<&h9+rm','Kean','Akeherst','Grant-Crooks'),
	(37,'bchisholm10','cF9$kiEB)oWq`=','Bertine','Chisholm','Hoppe-Kris'),
	(38,'ilightowler11','tJ2(xPTY7','Isidore','Lightowler','Ward LLC'),
	(39,'skerswell12','uG7.Zl)zgV','Sherlocke','Kerswell','Maggio, Brown and Bechtelar'),
	(40,'tcaustic13','sJ7.$b@Cu','Tersina','Caustic','Walker, Bayer and Turner'),
	(41,'lgresty14','hM7\\l+PX7h%B".','Lori','Gresty','Abshire LLC'),
	(42,'flongrigg15','dU5!i,mhl8VJsx','Francisca','Longrigg','Robel-Ullrich'),
	(43,'achapelhow16','aT8*P_Xxo3D','Ardeen','Chapelhow','McClure, Labadie and Leffler'),
	(44,'thabbes17','iO4|9''55,','Tessie','Habbes','Stamm, Ziemann and Yundt'),
	(45,'wgowers18','uE5*yOXC<mf','Way','Gowers','Carroll, Lueilwitz and Reichert'),
	(46,'cmccrow19','zP6*qTvd','Cosette','McCrow','Braun Group'),
	(47,'cgrogan1a','qW9.wA"g|5EN+KY','Colet','Grogan','Bechtelar and Sons'),
	(48,'mmoye1b','xL3/n#8z~J"}$6','Max','Moye','Oberbrunner, Bashirian and Champlin'),
	(49,'dclayfield1c','rD7$p2|ndj','Dexter','Clayfield','Schultz Group'),
	(50,'mkrug1d','eH3|?NmMQK','Marlo','Krug','Roberts, Schneider and Ortiz');


-- hotel data
INSERT INTO `hotels` VALUES (1,'Hyatt',879,'pool',7216,'Talmadge','Madrid','Spain'),
	(2,'Hyatt',616,'pool',223,'Muir','London','United Kingdom'),
	(3,'Hyatt',581,'pool',73,'Oak Valley','Rome','Italy'),
    (4,'Four Seasons',530,'spa',73,'Amore','Rome','Italy'),
	(5,'Four Seasons',292,'gym',7,'Forest Dale','Paris','France'),
	(6,'Hyatt',757,'pool',87,'Macpherson','Madrid','Spain'),
	(7,'Hyatt',280,'gym',05642,'Ramsey','London','United Kingdom'),
	(8,'Hyatt',511,'pool',10241,'Stephen','Rome','Italy'),
    (9,'Hilton',747,'spa',280,'Alhambra','Madrid','Spain'),
	(10,'Hyatt',711,'pool',6346,'Golf View','Paris','France'),
	(11,'Hilton',747,'pool',551,'High Crossing','Madrid','Spain'),
	(12,'Hyatt',543,'pool',7252,'Monterey','London','United Kingdom'),
	(13,'Hyatt',622,'gym',54,'Superior','Rome','Italy'),
    (14,'Hyatt',622,'spa',100,'Mini','Paris','France'),
	(15,'Hilton',770,'gym',89773,'Huxley','Paris','France'),
	(16,'Hyatt',745,'gym',72905,'Roxbury','Madrid','Spain'),
	(17,'Marriott',218,'gym',4938,'Stang','London','United Kingdom'),
	(18,'Hyatt',714,'gym',458,'New Castle','Rome','Italy'),
    (19,'Hilton',652,'gym',438,'Old Castle','Rome','Italy'),
	(20,'Hyatt',717,'gym',634,'Hintze','Paris','France');


-- hotelBookings data
INSERT INTO `hotelBookings` (`id`,`trip_id`,`traveler_id`,`hotel_id`,`start`,`end`)
VALUES
(1,302,44,11,'2021-03-26','2021-04-02'),
(2,13,45,19,'2021-11-22','2021-11-29'),
(3,64,19,5,'2020-05-06','2020-05-13'),
(4,500,29,10,'2021-04-26','2021-05-03'),
(5,306,27,1,'2020-02-02','2020-02-09'),
(6,155,5,13,'2020-07-27','2020-08-03'),
(7,16,10,8,'2024-01-12','2024-01-19'),
(8,399,26,6,'2022-04-18','2022-04-25'),
(9,262,41,9,'2021-07-09','2021-07-16'),
(10,130,30,19,'2023-03-20','2023-03-27'),
(11,17,27,6,'2023-08-24','2023-08-31'),
(12,187,5,15,'2022-04-11','2022-04-18'),
(13,62,33,11,'2024-03-12','2024-03-19'),
(14,128,19,14,'2020-04-10','2020-04-17'),
(15,81,42,17,'2023-06-28','2023-07-05'),
(16,49,31,7,'2022-04-28','2022-05-05'),
(17,466,1,12,'2020-07-31','2020-08-07'),
(18,160,44,4,'2022-02-08','2022-02-15'),
(19,260,45,9,'2020-03-15','2020-03-22'),
(20,450,47,12,'2021-07-27','2021-08-03'),
(21,297,2,5,'2023-07-08','2023-07-15'),
(22,486,1,7,'2022-05-06','2022-05-13'),
(23,461,15,19,'2022-04-21','2022-04-28'),
(24,341,9,11,'2021-03-30','2021-04-06'),
(25,162,43,13,'2020-02-01','2020-02-08'),
(26,133,16,17,'2021-12-25','2022-01-01'),
(27,196,26,10,'2023-11-16','2023-11-23'),
(28,170,4,10,'2021-05-23','2021-05-30'),
(29,113,35,2,'2023-01-16','2023-01-23'),
(30,453,38,14,'2021-05-11','2021-05-18'),
(31,246,36,4,'2024-04-03','2024-04-10'),
(32,282,12,15,'2023-02-06','2023-02-13'),
(33,319,6,18,'2021-12-04','2021-12-11'),
(34,247,31,12,'2021-10-08','2021-10-15'),
(35,102,5,3,'2021-10-07','2021-10-14'),
(36,354,17,1,'2020-12-06','2020-12-13'),
(37,391,22,9,'2021-11-29','2021-12-06'),
(38,97,20,11,'2024-01-27','2024-02-03'),
(39,461,29,8,'2022-04-21','2022-04-28'),
(40,116,7,12,'2024-03-21','2024-03-28'),
(41,499,12,4,'2020-12-23','2020-12-30'),
(42,294,39,1,'2022-02-08','2022-02-15'),
(43,161,26,5,'2023-11-24','2023-12-01'),
(44,327,43,2,'2023-01-13','2023-01-20'),
(45,415,6,16,'2021-06-21','2021-06-28'),
(46,432,19,16,'2020-01-06','2020-01-13'),
(47,417,34,17,'2024-04-10','2024-04-17'),
(48,225,49,10,'2020-04-06','2020-04-13'),
(49,99,11,15,'2022-08-25','2022-09-01'),
(50,214,48,1,'2023-02-24','2023-03-03'),
(51,46,38,19,'2022-06-22','2022-06-29'),
(52,181,41,12,'2024-03-10','2024-03-17'),
(53,192,40,2,'2020-10-26','2020-11-02'),
(54,370,45,4,'2024-03-15','2024-03-22'),
(55,268,5,12,'2024-03-16','2024-03-23'),
(56,26,22,13,'2020-09-13','2020-09-20'),
(57,276,20,10,'2021-04-16','2021-04-23'),
(58,347,45,6,'2021-09-09','2021-09-16'),
(59,142,18,18,'2021-10-23','2021-10-30'),
(60,190,6,11,'2023-06-21','2023-06-28'),
(61,278,48,8,'2020-06-20','2020-06-27'),
(62,387,21,14,'2020-01-23','2020-01-30'),
(63,422,14,2,'2021-12-28','2022-01-04'),
(64,145,21,15,'2023-09-24','2023-10-01'),
(65,144,33,12,'2020-10-27','2020-11-03'),
(66,38,24,2,'2021-08-02','2021-08-09'),
(67,323,20,11,'2021-03-26','2021-04-02'),
(68,92,31,1,'2020-06-26','2020-07-03'),
(69,151,17,3,'2021-07-20','2021-07-27'),
(70,161,34,10,'2023-11-24','2023-12-01'),
(71,158,10,7,'2020-11-29','2020-12-06'),
(72,388,45,5,'2024-01-24','2024-01-31'),
(73,433,41,15,'2020-03-31','2020-04-07'),
(74,248,39,14,'2021-04-08','2021-04-15'),
(75,11,10,7,'2021-12-21','2021-12-28'),
(76,18,7,13,'2022-06-20','2022-06-27'),
(77,413,15,6,'2023-01-31','2023-02-07'),
(78,424,30,11,'2021-05-11','2021-05-18'),
(79,331,1,9,'2022-01-08','2022-01-15'),
(80,180,13,20,'2023-08-15','2023-08-22'),
(81,199,34,16,'2021-07-22','2021-07-29'),
(82,395,34,10,'2023-04-02','2023-04-09'),
(83,180,49,13,'2023-08-15','2023-08-22'),
(84,404,7,18,'2024-05-01','2024-05-08'),
(85,14,36,11,'2021-12-09','2021-12-16'),
(86,32,27,2,'2022-06-16','2022-06-23'),
(87,331,9,15,'2022-01-08','2022-01-15'),
(88,384,16,19,'2022-04-23','2022-04-30'),
(89,433,18,12,'2020-03-31','2020-04-07'),
(90,484,21,14,'2023-10-31','2023-11-07'),
(91,421,24,12,'2021-02-11','2021-02-18'),
(92,201,15,15,'2022-10-02','2022-10-09'),
(93,463,3,3,'2022-06-03','2022-06-10'),
(94,55,49,13,'2023-05-10','2023-05-17'),
(95,132,7,9,'2021-05-24','2021-05-31'),
(96,466,16,16,'2020-07-31','2020-08-07'),
(97,123,26,19,'2023-09-19','2023-09-26'),
(98,250,42,6,'2020-08-07','2020-08-14'),
(99,75,44,4,'2021-12-26','2022-01-02'),
(100,324,12,16,'2021-05-11','2021-05-18'),
(101,158,21,1,'2020-11-29','2020-12-06'),
(102,314,18,18,'2022-02-11','2022-02-18'),
(103,367,4,7,'2020-07-07','2020-07-14'),
(104,77,28,5,'2022-11-09','2022-11-16'),
(105,169,2,20,'2022-02-05','2022-02-12'),
(106,256,50,13,'2020-05-27','2020-06-03'),
(107,195,7,2,'2023-12-11','2023-12-18'),
(108,80,43,12,'2022-01-27','2022-02-03'),
(109,240,4,16,'2020-05-30','2020-06-06'),
(110,220,21,8,'2020-05-19','2020-05-26'),
(111,278,27,15,'2020-06-20','2020-06-27'),
(112,275,14,3,'2022-02-21','2022-02-28'),
(113,27,42,11,'2020-02-24','2020-03-02'),
(114,490,5,9,'2023-01-18','2023-01-25'),
(115,329,12,17,'2023-03-19','2023-03-26'),
(116,64,8,4,'2020-05-06','2020-05-13'),
(117,487,50,7,'2020-01-27','2020-02-03'),
(118,437,20,7,'2020-04-13','2020-04-20'),
(119,393,49,13,'2020-09-25','2020-10-02'),
(120,473,29,6,'2022-06-23','2022-06-30'),
(121,350,7,9,'2022-07-25','2022-08-01'),
(122,22,43,16,'2020-09-26','2020-10-03'),
(123,329,26,5,'2023-03-19','2023-03-26'),
(124,48,18,1,'2024-03-10','2024-03-17'),
(125,295,21,20,'2024-02-01','2024-02-08'),
(126,494,11,8,'2024-04-20','2024-04-27'),
(127,241,32,1,'2022-10-21','2022-10-28'),
(128,297,13,16,'2023-07-08','2023-07-15'),
(129,134,7,12,'2022-06-16','2022-06-23'),
(130,75,21,5,'2021-12-26','2022-01-02'),
(131,114,39,13,'2022-10-11','2022-10-18'),
(132,230,22,19,'2020-02-18','2020-02-25'),
(133,157,15,9,'2022-05-08','2022-05-15'),
(134,253,41,15,'2022-08-16','2022-08-23'),
(135,281,3,7,'2021-07-06','2021-07-13'),
(136,171,12,11,'2022-09-28','2022-10-05'),
(137,237,15,18,'2021-01-30','2021-02-06'),
(138,200,28,8,'2022-07-05','2022-07-12'),
(139,63,46,12,'2022-04-10','2022-04-17'),
(140,449,7,14,'2020-07-17','2020-07-24'),
(141,72,44,15,'2024-03-02','2024-03-09'),
(142,153,37,9,'2022-11-05','2022-11-12'),
(143,202,25,2,'2023-08-13','2023-08-20'),
(144,270,3,10,'2022-08-20','2022-08-27'),
(145,385,37,3,'2021-05-12','2021-05-19'),
(146,222,25,2,'2023-03-13','2023-03-20'),
(147,134,31,11,'2022-06-16','2022-06-23'),
(148,425,18,16,'2023-03-26','2023-04-02'),
(149,457,11,8,'2022-05-09','2022-05-16'),
(150,349,33,20,'2021-01-03','2021-01-10'),
(151,431,19,5,'2021-01-24','2021-01-31'),
(152,468,48,12,'2021-06-14','2021-06-21'),
(153,104,6,18,'2021-04-16','2021-04-23'),
(154,255,21,5,'2021-01-13','2021-01-20'),
(155,472,35,17,'2022-06-23','2022-06-30'),
(156,49,20,18,'2022-04-28','2022-05-05'),
(157,27,38,14,'2020-02-24','2020-03-02'),
(158,219,1,13,'2022-10-01','2022-10-08'),
(159,476,5,9,'2023-08-05','2023-08-12'),
(160,124,41,15,'2021-03-18','2021-03-25'),
(161,307,48,2,'2022-09-24','2022-10-01'),
(162,25,6,4,'2023-03-02','2023-03-09'),
(163,45,13,13,'2021-07-14','2021-07-21'),
(164,163,11,15,'2021-04-24','2021-05-01'),
(165,404,26,4,'2024-05-01','2024-05-08'),
(166,430,30,5,'2020-01-20','2020-01-27'),
(167,258,12,7,'2020-05-31','2020-06-07'),
(168,101,46,11,'2020-03-20','2020-03-27'),
(169,299,14,8,'2023-11-30','2023-12-07'),
(170,23,10,17,'2023-08-22','2023-08-29'),
(171,84,4,19,'2021-09-10','2021-09-17'),
(172,296,7,9,'2022-03-22','2022-03-29'),
(173,179,19,8,'2020-10-02','2020-10-09'),
(174,424,2,7,'2021-05-11','2021-05-18'),
(175,404,40,12,'2024-05-01','2024-05-08'),
(176,87,29,4,'2022-05-31','2022-06-07'),
(177,226,35,18,'2022-10-12','2022-10-19'),
(178,33,14,11,'2022-05-14','2022-05-21'),
(179,285,31,2,'2022-09-24','2022-10-01'),
(180,318,23,20,'2022-06-11','2022-06-18'),
(181,81,32,17,'2023-06-28','2023-07-05'),
(182,151,48,8,'2021-07-20','2021-07-27'),
(183,354,15,2,'2020-12-06','2020-12-13'),
(184,31,10,13,'2023-11-24','2023-12-01'),
(185,299,22,11,'2023-11-30','2023-12-07'),
(186,433,31,12,'2020-03-31','2020-04-07'),
(187,251,13,20,'2022-04-09','2022-04-16'),
(188,261,45,9,'2023-07-14','2023-07-21'),
(189,318,38,6,'2022-06-11','2022-06-18'),
(190,388,28,4,'2024-01-24','2024-01-31'),
(191,130,10,10,'2023-03-20','2023-03-27'),
(192,208,12,20,'2022-03-10','2022-03-17'),
(193,423,36,1,'2022-05-15','2022-05-22'),
(194,181,1,12,'2024-03-10','2024-03-17'),
(195,111,40,14,'2023-03-08','2023-03-15'),
(196,454,35,11,'2022-06-23','2022-06-30'),
(197,2,14,18,'2022-08-13','2022-08-20'),
(198,299,13,5,'2023-11-30','2023-12-07'),
(199,297,10,18,'2023-07-08','2023-07-15'),
(200,152,46,4,'2023-05-30','2023-06-06'),
(201,224,7,8,'2024-05-30','2024-06-06'),
(202,196,20,1,'2023-11-16','2023-11-23'),
(203,285,24,15,'2022-09-24','2022-10-01'),
(204,345,11,16,'2022-02-05','2022-02-12'),
(205,450,14,12,'2021-07-27','2021-08-03'),
(206,197,23,14,'2024-05-01','2024-05-08'),
(207,289,43,3,'2021-11-03','2021-11-10'),
(208,7,47,12,'2021-11-21','2021-11-28'),
(209,66,5,14,'2023-04-25','2023-05-02'),
(210,349,23,17,'2021-01-03','2021-01-10'),
(211,153,20,4,'2022-11-05','2022-11-12'),
(212,45,25,10,'2021-07-14','2021-07-21'),
(213,61,36,11,'2022-05-16','2022-05-23'),
(214,428,16,20,'2020-11-27','2020-12-04'),
(215,300,37,8,'2021-02-06','2021-02-13'),
(216,219,41,5,'2022-10-01','2022-10-08'),
(217,169,31,19,'2022-02-05','2022-02-12'),
(218,417,25,13,'2024-04-10','2024-04-17'),
(219,84,9,9,'2021-09-10','2021-09-17'),
(220,108,48,20,'2023-01-14','2023-01-21'),
(221,494,28,7,'2024-04-20','2024-04-27'),
(222,266,42,5,'2022-12-06','2022-12-13'),
(223,59,16,6,'2020-06-17','2020-06-24'),
(224,286,12,2,'2024-01-15','2024-01-22'),
(225,52,45,17,'2024-05-28','2024-06-04'),
(226,37,5,8,'2020-05-01','2020-05-08'),
(227,469,39,19,'2021-08-08','2021-08-15'),
(228,48,29,1,'2024-03-10','2024-03-17'),
(229,44,24,7,'2020-09-28','2020-10-05'),
(230,186,43,6,'2023-01-22','2023-01-29'),
(231,47,10,2,'2021-12-12','2021-12-19'),
(232,292,45,9,'2024-02-16','2024-02-23'),
(233,409,26,18,'2022-07-01','2022-07-08'),
(234,201,19,17,'2022-10-02','2022-10-09'),
(235,26,12,1,'2020-09-13','2020-09-20'),
(236,11,30,9,'2021-12-21','2021-12-28'),
(237,349,21,3,'2021-01-03','2021-01-10'),
(238,159,10,19,'2024-03-10','2024-03-17'),
(239,456,11,13,'2021-09-07','2021-09-14'),
(240,491,28,16,'2022-03-12','2022-03-19'),
(241,431,31,7,'2021-01-24','2021-01-31'),
(242,20,47,4,'2021-10-24','2021-10-31'),
(243,470,16,5,'2024-04-20','2024-04-27'),
(244,353,8,13,'2023-09-14','2023-09-21'),
(245,368,1,8,'2022-10-08','2022-10-15'),
(246,355,36,6,'2020-02-23','2020-03-01'),
(247,205,28,19,'2021-04-11','2021-04-18'),
(248,311,13,10,'2022-03-30','2022-04-06'),
(249,263,7,12,'2023-09-26','2023-10-03'),
(250,18,16,11,'2022-06-20','2022-06-27'),
(251,330,4,17,'2022-09-24','2022-10-01'),
(252,147,3,14,'2023-12-18','2023-12-25'),
(253,498,9,14,'2020-12-30','2021-01-06'),
(254,398,40,6,'2020-02-27','2020-03-05'),
(255,404,1,20,'2024-05-01','2024-05-08'),
(256,431,13,15,'2021-01-24','2021-01-31'),
(257,98,20,1,'2024-03-06','2024-03-13'),
(258,369,5,11,'2022-12-03','2022-12-10'),
(259,167,29,2,'2023-01-18','2023-01-25'),
(260,30,12,4,'2022-09-14','2022-09-21'),
(261,213,25,9,'2023-03-05','2023-03-12'),
(262,57,40,2,'2023-04-28','2023-05-05'),
(263,168,26,10,'2024-03-09','2024-03-16'),
(264,373,16,20,'2022-12-11','2022-12-18'),
(265,342,50,3,'2023-12-26','2024-01-02'),
(266,334,25,8,'2021-12-24','2021-12-31'),
(267,269,46,16,'2023-06-08','2023-06-15'),
(268,337,33,12,'2020-05-04','2020-05-11'),
(269,89,38,6,'2023-08-11','2023-08-18'),
(270,147,23,15,'2023-12-18','2023-12-25'),
(271,260,5,2,'2020-03-15','2020-03-22'),
(272,117,22,5,'2022-10-17','2022-10-24'),
(273,461,17,8,'2022-04-21','2022-04-28'),
(274,292,13,20,'2024-02-16','2024-02-23'),
(275,380,29,18,'2022-09-26','2022-10-03'),
(276,496,1,15,'2023-12-12','2023-12-19'),
(277,475,27,17,'2021-03-09','2021-03-16'),
(278,437,49,19,'2020-04-13','2020-04-20'),
(279,10,35,12,'2024-05-26','2024-06-02'),
(280,496,37,3,'2023-12-12','2023-12-19'),
(281,231,17,18,'2021-06-10','2021-06-17'),
(282,206,24,5,'2020-10-12','2020-10-19'),
(283,177,22,8,'2022-08-28','2022-09-04'),
(284,431,16,4,'2021-01-24','2021-01-31'),
(285,240,26,17,'2020-05-30','2020-06-06'),
(286,299,47,9,'2023-11-30','2023-12-07'),
(287,178,5,19,'2024-04-01','2024-04-08'),
(288,316,40,15,'2021-06-23','2021-06-30'),
(289,453,35,10,'2021-05-11','2021-05-18'),
(290,435,1,11,'2022-07-02','2022-07-09'),
(291,125,29,16,'2022-01-10','2022-01-17'),
(292,43,11,6,'2023-01-25','2023-02-01'),
(293,443,25,7,'2020-04-26','2020-05-03'),
(294,59,42,12,'2020-06-17','2020-06-24'),
(295,286,14,1,'2024-01-15','2024-01-22'),
(296,90,18,20,'2020-03-08','2020-03-15'),
(297,114,20,2,'2022-10-11','2022-10-18'),
(298,75,36,14,'2021-12-26','2022-01-02'),
(299,292,21,13,'2024-02-16','2024-02-23'),
(300,407,48,15,'2020-06-06','2020-06-13');


-- favHotels data
INSERT INTO `favHotels` (`traveler_id`,`hotel_id`)
VALUES
(1,13),
(2,8),
(3,19),
(4,15),
(5,6),
(6,16),
(7,20),
(8,5),
(9,10),
(10,20),
(11,2),
(12,13),
(13,6),
(14,3),
(15,17),
(16,13),
(17,1),
(19,4),
(19,12),
(20,20),
(21,16),
(21,10),
(23,1),
(24,9),
(25,6),
(26,15),
(27,16),
(28,20),
(29,3),
(30,4),
(31,12),
(32,12),
(33,6),
(34,7),
(35,10),
(36,20),
(37,14),
(38,15),
(39,5),
(40,9),
(41,13),
(42,1),
(43,14),
(44,18),
(45,2),
(46,11),
(47,2),
(48,19),
(49,10),
(50,1),
(1,17),
(2,10),
(3,12),
(4,3),
(5,13),
(6,20),
(7,10),
(8,3),
(9,20),
(10,4),
(11,16),
(12,2),
(13,8),
(14,13),
(15,15),
(16,7),
(17,13),
(18,4),
(19,7),
(20,19),
(21,9),
(22,10),
(23,5),
(24,18),
(25,3),
(26,8),
(27,7),
(28,4),
(29,8),
(30,20),
(31,14),
(32,3),
(33,15),
(34,19),
(35,11),
(36,12),
(37,5),
(38,7),
(39,15),
(40,1),
(41,19),
(42,20),
(43,4),
(44,14),
(45,3),
(46,18),
(47,19),
(48,4),
(49,17),
(50,15),
(1,19),
(2,12),
(3,2),
(4,4),
(5,16),
(6,8),
(7,19),
(8,12),
(9,8),
(10,19),
(11,20),
(12,10),
(13,17),
(14,1),
(15,16),
(16,19),
(17,17),
(18,3),
(19,18),
(20,9),
(21,17),
(22,5),
(23,15),
(24,4),
(25,20),
(26,18),
(27,4),
(28,7),
(29,16),
(30,15),
(31,13),
(32,14),
(33,17),
(34,5),
(35,12),
(36,10),
(37,11),
(38,2),
(39,9),
(40,6),
(41,3),
(42,8),
(43,1),
(44,19),
(45,4),
(46,13),
(47,14),
(48,12),
(49,18),
(50,7);

-- dealInfo data
INSERT INTO `dealInfo` (`id`,`date`,`hotel_name`,`hotel_id`,`name`,`description`,`admin_id`)
VALUES
(1,'2024-10-06','Hyatt',1,'Last-Minute Getaway Deal','Escape the everyday hustle and treat yourself to a spontaneous getaway! Enjoy 20% off on last-minute bookings at our luxurious hotel. Make the most of our exceptional amenities and stunning views.',11),
(2,'2022-01-13','Hyatt',2,'Family Fun Package','Create unforgettable memories with our Family Fun Package! Enjoy spacious accommodations and a complimentary breakfast for four. You have access to our kid-friendly activities. Book now and make your family vacation a delightful experience.',19),
(3,'2020-08-31','Hyatt',3,'Romantic Escape','Surprise your loved one with a romantic escape at our hotel. Our package includes a beautifully decorated room and a bottle of champagne. Enjoy a delicious breakfast in bed or a romantic dinner at our fine dining restaurant.',47),
(4,'2021-08-17','Marriott',4,'Business Traveler Special','Stay productive and comfortable with our Business Traveler Special. Enjoy high-speed internet and complimentary breakfast. Our fully equipped business center and meeting rooms will ensure you have everything you need for a successful trip.',9),
(5,'2025-11-07','Four Seasons',5,'Stay Longer and Save More','Extend your stay and save more with our special offer. Book for three nights or more and enjoy up to 25% off your entire stay. Explore the local attractions and enjoy the comfort of our well-appointed rooms and exceptional service.',35),
(6,'2021-06-27','Hyatt',6,'Weekend Getaway','Plan a perfect weekend escape with our Weekend Getaway Package. Enjoy exclusive discounts and a complimentary breakfast. Make the most of your weekend with us.',41),
(7,'2023-09-27','Hyatt',7,'Last-Minute Getaway Deal','Escape the everyday hustle and treat yourself to a spontaneous getaway! Enjoy 20% off on last-minute bookings at our luxurious hotel. Make the most of our exceptional amenities and stunning views.',10),
(8,'2021-05-15','Hyatt',8,'Family Fun Package','Create unforgettable memories with our Family Fun Package! Enjoy spacious accommodations and a complimentary breakfast for four. You have access to our kid-friendly activities. Book now and make your family vacation a delightful experience.',42),
(9,'2024-07-02','Marriott',9,'Romantic Escape','Surprise your loved one with a romantic escape at our hotel. Our package includes a beautifully decorated room and a bottle of champagne. Enjoy a delicious breakfast in bed or a romantic dinner at our fine dining restaurant.',40),
(10,'2025-04-06','Hyatt',10,'Business Traveler Special','Stay productive and comfortable with our Business Traveler Special. Enjoy high-speed internet and complimentary breakfast. Our fully equipped business center and meeting rooms will ensure you have everything you need for a successful trip.',43),
(11,'2025-04-01','Hilton',11,'Stay Longer and Save More','Extend your stay and save more with our special offer. Book for three nights or more and enjoy up to 25% off your entire stay. Explore the local attractions and enjoy the comfort of our well-appointed rooms and exceptional service.',11),
(12,'2021-12-21','Hyatt',12,'Weekend Getaway','Plan a perfect weekend escape with our Weekend Getaway Package. Enjoy exclusive discounts and a complimentary breakfast. Make the most of your weekend with us.',37),
(13,'2021-02-05','Hyatt',13,'Last-Minute Getaway Deal','Escape the everyday hustle and treat yourself to a spontaneous getaway! Enjoy 20% off on last-minute bookings at our luxurious hotel. Make the most of our exceptional amenities and stunning views.',1),
(14,'2024-03-16','Four Seasons',14,'Family Fun Package','Create unforgettable memories with our Family Fun Package! Enjoy spacious accommodations and a complimentary breakfast for four. You have access to our kid-friendly activities. Book now and make your family vacation a delightful experience.',10),
(15,'2021-10-25','Hilton',15,'Romantic Escape','Surprise your loved one with a romantic escape at our hotel. Our package includes a beautifully decorated room and a bottle of champagne. Enjoy a delicious breakfast in bed or a romantic dinner at our fine dining restaurant.',3),
(16,'2025-11-30','Hyatt',16,'Business Traveler Special','Stay productive and comfortable with our Business Traveler Special. Enjoy high-speed internet and complimentary breakfast. Our fully equipped business center and meeting rooms will ensure you have everything you need for a successful trip.',36),
(17,'2023-05-01','Marriott',17,'Stay Longer and Save More','Extend your stay and save more with our special offer. Book for three nights or more and enjoy up to 25% off your entire stay. Explore the local attractions and enjoy the comfort of our well-appointed rooms and exceptional service.',38),
(18,'2024-05-28','Hyatt',18,'Weekend Getaway','Plan a perfect weekend escape with our Weekend Getaway Package. Enjoy exclusive discounts and a complimentary breakfast. Make the most of your weekend with us.',17),
(19,'2025-06-01','Marriott',19,'Last-Minute Getaway Deal','Escape the everyday hustle and treat yourself to a spontaneous getaway! Enjoy 20% off on last-minute bookings at our luxurious hotel. Make the most of our exceptional amenities and stunning views.',9),
(20,'2022-03-03','Hyatt',20,'Family Fun Package','Create unforgettable memories with our Family Fun Package! Enjoy spacious accommodations and a complimentary breakfast for four. You have access to our kid-friendly activities. Book now and make your family vacation a delightful experience.',23),
(21,'2022-06-16','Hyatt',1,'Romantic Escape','Surprise your loved one with a romantic escape at our hotel. Our package includes a beautifully decorated room and a bottle of champagne. Enjoy a delicious breakfast in bed or a romantic dinner at our fine dining restaurant.',18),
(22,'2020-08-29','Hyatt',2,'Business Traveler Special','Stay productive and comfortable with our Business Traveler Special. Enjoy high-speed internet and complimentary breakfast. Our fully equipped business center and meeting rooms will ensure you have everything you need for a successful trip.',4),
(23,'2022-12-24','Hyatt',3,'Stay Longer and Save More','Extend your stay and save more with our special offer. Book for three nights or more and enjoy up to 25% off your entire stay. Explore the local attractions and enjoy the comfort of our well-appointed rooms and exceptional service.',7),
(24,'2025-12-19','Marriott',4,'Weekend Getaway','Plan a perfect weekend escape with our Weekend Getaway Package. Enjoy exclusive discounts and a complimentary breakfast. Make the most of your weekend with us.',22),
(25,'2022-10-16','Four Seasons',5,'Last-Minute Getaway Deal','Escape the everyday hustle and treat yourself to a spontaneous getaway! Enjoy 20% off on last-minute bookings at our luxurious hotel. Make the most of our exceptional amenities and stunning views.',34),
(26,'2024-02-18','Hyatt',6,'Family Fun Package','Create unforgettable memories with our Family Fun Package! Enjoy spacious accommodations and a complimentary breakfast for four. You have access to our kid-friendly activities. Book now and make your family vacation a delightful experience.',15),
(27,'2022-03-08','Hyatt',7,'Romantic Escape','Surprise your loved one with a romantic escape at our hotel. Our package includes a beautifully decorated room and a bottle of champagne. Enjoy a delicious breakfast in bed or a romantic dinner at our fine dining restaurant.',25),
(28,'2023-08-30','Hyatt',8,'Business Traveler Special','Stay productive and comfortable with our Business Traveler Special. Enjoy high-speed internet and complimentary breakfast. Our fully equipped business center and meeting rooms will ensure you have everything you need for a successful trip.',27),
(29,'2024-05-15','Marriott',9,'Stay Longer and Save More','Extend your stay and save more with our special offer. Book for three nights or more and enjoy up to 25% off your entire stay. Explore the local attractions and enjoy the comfort of our well-appointed rooms and exceptional service.',11),
(30,'2020-04-29','Hyatt',10,'Weekend Getaway','Plan a perfect weekend escape with our Weekend Getaway Package. Enjoy exclusive discounts and a complimentary breakfast. Make the most of your weekend with us.',14),
(31,'2025-10-08','Hilton',11,'Last-Minute Getaway Deal','Escape the everyday hustle and treat yourself to a spontaneous getaway! Enjoy 20% off on last-minute bookings at our luxurious hotel. Make the most of our exceptional amenities and stunning views.',13),
(32,'2024-07-23','Hyatt',12,'Family Fun Package','Create unforgettable memories with our Family Fun Package! Enjoy spacious accommodations and a complimentary breakfast for four. You have access to our kid-friendly activities. Book now and make your family vacation a delightful experience.',28),
(33,'2025-08-19','Hyatt',13,'Romantic Escape','Surprise your loved one with a romantic escape at our hotel. Our package includes a beautifully decorated room and a bottle of champagne. Enjoy a delicious breakfast in bed or a romantic dinner at our fine dining restaurant.',50),
(34,'2022-05-11','Four Seasons',14,'Business Traveler Special','Stay productive and comfortable with our Business Traveler Special. Enjoy high-speed internet and complimentary breakfast. Our fully equipped business center and meeting rooms will ensure you have everything you need for a successful trip.',23),
(35,'2022-04-05','Hilton',15,'Stay Longer and Save More','Extend your stay and save more with our special offer. Book for three nights or more and enjoy up to 25% off your entire stay. Explore the local attractions and enjoy the comfort of our well-appointed rooms and exceptional service.',31),
(36,'2025-08-17','Hyatt',16,'Weekend Getaway','Plan a perfect weekend escape with our Weekend Getaway Package. Enjoy exclusive discounts and a complimentary breakfast. Make the most of your weekend with us.',8),
(37,'2022-06-27','Marriott',17,'Last-Minute Getaway Deal','Escape the everyday hustle and treat yourself to a spontaneous getaway! Enjoy 20% off on last-minute bookings at our luxurious hotel. Make the most of our exceptional amenities and stunning views.',10),
(38,'2022-08-07','Hyatt',18,'Family Fun Package','Create unforgettable memories with our Family Fun Package! Enjoy spacious accommodations and a complimentary breakfast for four. You have access to our kid-friendly activities. Book now and make your family vacation a delightful experience.',17),
(39,'2025-02-06','Marriott',19,'Romantic Escape','Surprise your loved one with a romantic escape at our hotel. Our package includes a beautifully decorated room and a bottle of champagne. Enjoy a delicious breakfast in bed or a romantic dinner at our fine dining restaurant.',45),
(40,'2022-04-18','Hyatt',20,'Business Traveler Special','Stay productive and comfortable with our Business Traveler Special. Enjoy high-speed internet and complimentary breakfast. Our fully equipped business center and meeting rooms will ensure you have everything you need for a successful trip.',12),
(41,'2021-12-13','Hyatt',1,'Stay Longer and Save More','Extend your stay and save more with our special offer. Book for three nights or more and enjoy up to 25% off your entire stay. Explore the local attractions and enjoy the comfort of our well-appointed rooms and exceptional service.',18),
(42,'2022-06-01','Hyatt',2,'Weekend Getaway','Plan a perfect weekend escape with our Weekend Getaway Package. Enjoy exclusive discounts and a complimentary breakfast. Make the most of your weekend with us.',7),
(43,'2022-01-14','Hyatt',3,'Last-Minute Getaway Deal','Escape the everyday hustle and treat yourself to a spontaneous getaway! Enjoy 20% off on last-minute bookings at our luxurious hotel. Make the most of our exceptional amenities and stunning views.',45),
(44,'2022-03-17','Marriott',4,'Family Fun Package','Create unforgettable memories with our Family Fun Package! Enjoy spacious accommodations and a complimentary breakfast for four. You have access to our kid-friendly activities. Book now and make your family vacation a delightful experience.',48),
(45,'2023-02-28','Four Seasons',5,'Romantic Escape','Surprise your loved one with a romantic escape at our hotel. Our package includes a beautifully decorated room and a bottle of champagne. Enjoy a delicious breakfast in bed or a romantic dinner at our fine dining restaurant.',46),
(46,'2021-02-13','Hyatt',6,'Business Traveler Special','Stay productive and comfortable with our Business Traveler Special. Enjoy high-speed internet and complimentary breakfast. Our fully equipped business center and meeting rooms will ensure you have everything you need for a successful trip.',41),
(47,'2021-09-07','Hyatt',7,'Stay Longer and Save More','Extend your stay and save more with our special offer. Book for three nights or more and enjoy up to 25% off your entire stay. Explore the local attractions and enjoy the comfort of our well-appointed rooms and exceptional service.',31),
(48,'2024-12-28','Hyatt',8,'Weekend Getaway','Plan a perfect weekend escape with our Weekend Getaway Package. Enjoy exclusive discounts and a complimentary breakfast. Make the most of your weekend with us.',28),
(49,'2025-08-20','Marriott',9,'Last-Minute Getaway Deal','Escape the everyday hustle and treat yourself to a spontaneous getaway! Enjoy 20% off on last-minute bookings at our luxurious hotel. Make the most of our exceptional amenities and stunning views.',43),
(50,'2024-03-08','Hyatt',10,'Family Fun Package','Create unforgettable memories with our Family Fun Package! Enjoy spacious accommodations and a complimentary breakfast for four. You have access to our kid-friendly activities. Book now and make your family vacation a delightful experience.',19),
(51,'2024-05-22','Hilton',11,'Romantic Escape','Surprise your loved one with a romantic escape at our hotel. Our package includes a beautifully decorated room and a bottle of champagne. Enjoy a delicious breakfast in bed or a romantic dinner at our fine dining restaurant.',28),
(52,'2024-07-26','Hyatt',12,'Business Traveler Special','Stay productive and comfortable with our Business Traveler Special. Enjoy high-speed internet and complimentary breakfast. Our fully equipped business center and meeting rooms will ensure you have everything you need for a successful trip.',32),
(53,'2021-04-08','Hyatt',13,'Stay Longer and Save More','Extend your stay and save more with our special offer. Book for three nights or more and enjoy up to 25% off your entire stay. Explore the local attractions and enjoy the comfort of our well-appointed rooms and exceptional service.',19),
(54,'2020-02-23','Four Seasons',14,'Weekend Getaway','Plan a perfect weekend escape with our Weekend Getaway Package. Enjoy exclusive discounts and a complimentary breakfast. Make the most of your weekend with us.',34),
(55,'2024-08-15','Hilton',15,'Last-Minute Getaway Deal','Escape the everyday hustle and treat yourself to a spontaneous getaway! Enjoy 20% off on last-minute bookings at our luxurious hotel. Make the most of our exceptional amenities and stunning views.',17),
(56,'2025-05-16','Hyatt',16,'Family Fun Package','Create unforgettable memories with our Family Fun Package! Enjoy spacious accommodations and a complimentary breakfast for four. You have access to our kid-friendly activities. Book now and make your family vacation a delightful experience.',27),
(57,'2023-12-10','Marriott',17,'Romantic Escape','Surprise your loved one with a romantic escape at our hotel. Our package includes a beautifully decorated room and a bottle of champagne. Enjoy a delicious breakfast in bed or a romantic dinner at our fine dining restaurant.',24),
(58,'2023-10-31','Hyatt',18,'Business Traveler Special','Stay productive and comfortable with our Business Traveler Special. Enjoy high-speed internet and complimentary breakfast. Our fully equipped business center and meeting rooms will ensure you have everything you need for a successful trip.',6),
(59,'2020-08-23','Marriott',19,'Stay Longer and Save More','Extend your stay and save more with our special offer. Book for three nights or more and enjoy up to 25% off your entire stay. Explore the local attractions and enjoy the comfort of our well-appointed rooms and exceptional service.',3),
(60,'2022-10-16','Hyatt',20,'Weekend Getaway','Plan a perfect weekend escape with our Weekend Getaway Package. Enjoy exclusive discounts and a complimentary breakfast. Make the most of your weekend with us.',37),
(61,'2020-06-08','Hyatt',1,'Last-Minute Getaway Deal','Escape the everyday hustle and treat yourself to a spontaneous getaway! Enjoy 20% off on last-minute bookings at our luxurious hotel. Make the most of our exceptional amenities and stunning views.',19),
(62,'2025-03-01','Hyatt',2,'Family Fun Package','Create unforgettable memories with our Family Fun Package! Enjoy spacious accommodations and a complimentary breakfast for four. You have access to our kid-friendly activities. Book now and make your family vacation a delightful experience.',49),
(63,'2022-11-06','Hyatt',3,'Romantic Escape','Surprise your loved one with a romantic escape at our hotel. Our package includes a beautifully decorated room and a bottle of champagne. Enjoy a delicious breakfast in bed or a romantic dinner at our fine dining restaurant.',7),
(64,'2020-01-09','Marriott',4,'Business Traveler Special','Stay productive and comfortable with our Business Traveler Special. Enjoy high-speed internet and complimentary breakfast. Our fully equipped business center and meeting rooms will ensure you have everything you need for a successful trip.',24),
(65,'2025-08-08','Four Seasons',5,'Stay Longer and Save More','Extend your stay and save more with our special offer. Book for three nights or more and enjoy up to 25% off your entire stay. Explore the local attractions and enjoy the comfort of our well-appointed rooms and exceptional service.',2),
(66,'2025-06-11','Hyatt',6,'Weekend Getaway','Plan a perfect weekend escape with our Weekend Getaway Package. Enjoy exclusive discounts and a complimentary breakfast. Make the most of your weekend with us.',26),
(67,'2021-09-15','Hyatt',7,'Last-Minute Getaway Deal','Escape the everyday hustle and treat yourself to a spontaneous getaway! Enjoy 20% off on last-minute bookings at our luxurious hotel. Make the most of our exceptional amenities and stunning views.',7),
(68,'2021-09-18','Hyatt',8,'Family Fun Package','Create unforgettable memories with our Family Fun Package! Enjoy spacious accommodations and a complimentary breakfast for four. You have access to our kid-friendly activities. Book now and make your family vacation a delightful experience.',38),
(69,'2025-06-04','Marriott',9,'Romantic Escape','Surprise your loved one with a romantic escape at our hotel. Our package includes a beautifully decorated room and a bottle of champagne. Enjoy a delicious breakfast in bed or a romantic dinner at our fine dining restaurant.',27),
(70,'2023-10-15','Hyatt',10,'Business Traveler Special','Stay productive and comfortable with our Business Traveler Special. Enjoy high-speed internet and complimentary breakfast. Our fully equipped business center and meeting rooms will ensure you have everything you need for a successful trip.',37),
(71,'2022-07-07','Hilton',11,'Stay Longer and Save More','Extend your stay and save more with our special offer. Book for three nights or more and enjoy up to 25% off your entire stay. Explore the local attractions and enjoy the comfort of our well-appointed rooms and exceptional service.',35),
(72,'2025-10-25','Hyatt',12,'Weekend Getaway','Plan a perfect weekend escape with our Weekend Getaway Package. Enjoy exclusive discounts and a complimentary breakfast. Make the most of your weekend with us.',34),
(73,'2021-03-15','Hyatt',13,'Last-Minute Getaway Deal','Escape the everyday hustle and treat yourself to a spontaneous getaway! Enjoy 20% off on last-minute bookings at our luxurious hotel. Make the most of our exceptional amenities and stunning views.',17),
(74,'2020-03-06','Four Seasons',14,'Family Fun Package','Create unforgettable memories with our Family Fun Package! Enjoy spacious accommodations and a complimentary breakfast for four. You have access to our kid-friendly activities. Book now and make your family vacation a delightful experience.',5),
(75,'2023-06-01','Hilton',15,'Romantic Escape','Surprise your loved one with a romantic escape at our hotel. Our package includes a beautifully decorated room and a bottle of champagne. Enjoy a delicious breakfast in bed or a romantic dinner at our fine dining restaurant.',42),
(76,'2022-02-06','Hyatt',16,'Business Traveler Special','Stay productive and comfortable with our Business Traveler Special. Enjoy high-speed internet and complimentary breakfast. Our fully equipped business center and meeting rooms will ensure you have everything you need for a successful trip.',49),
(77,'2025-07-08','Marriott',17,'Stay Longer and Save More','Extend your stay and save more with our special offer. Book for three nights or more and enjoy up to 25% off your entire stay. Explore the local attractions and enjoy the comfort of our well-appointed rooms and exceptional service.',41),
(78,'2023-09-01','Hyatt',18,'Weekend Getaway','Plan a perfect weekend escape with our Weekend Getaway Package. Enjoy exclusive discounts and a complimentary breakfast. Make the most of your weekend with us.',13),
(79,'2021-02-12','Marriott',19,'Last-Minute Getaway Deal','Escape the everyday hustle and treat yourself to a spontaneous getaway! Enjoy 20% off on last-minute bookings at our luxurious hotel. Make the most of our exceptional amenities and stunning views.',13),
(80,'2024-05-03','Hyatt',20,'Family Fun Package','Create unforgettable memories with our Family Fun Package! Enjoy spacious accommodations and a complimentary breakfast for four. You have access to our kid-friendly activities. Book now and make your family vacation a delightful experience.',30),
(81,'2023-04-15','Hyatt',1,'Romantic Escape','Surprise your loved one with a romantic escape at our hotel. Our package includes a beautifully decorated room and a bottle of champagne. Enjoy a delicious breakfast in bed or a romantic dinner at our fine dining restaurant.',9),
(82,'2023-12-26','Hyatt',2,'Business Traveler Special','Stay productive and comfortable with our Business Traveler Special. Enjoy high-speed internet and complimentary breakfast. Our fully equipped business center and meeting rooms will ensure you have everything you need for a successful trip.',9),
(83,'2022-11-12','Hyatt',3,'Stay Longer and Save More','Extend your stay and save more with our special offer. Book for three nights or more and enjoy up to 25% off your entire stay. Explore the local attractions and enjoy the comfort of our well-appointed rooms and exceptional service.',12),
(84,'2023-09-25','Marriott',4,'Weekend Getaway','Plan a perfect weekend escape with our Weekend Getaway Package. Enjoy exclusive discounts and a complimentary breakfast. Make the most of your weekend with us.',39),
(85,'2023-09-24','Four Seasons',5,'Last-Minute Getaway Deal','Escape the everyday hustle and treat yourself to a spontaneous getaway! Enjoy 20% off on last-minute bookings at our luxurious hotel. Make the most of our exceptional amenities and stunning views.',21),
(86,'2021-12-26','Hyatt',6,'Family Fun Package','Create unforgettable memories with our Family Fun Package! Enjoy spacious accommodations and a complimentary breakfast for four. You have access to our kid-friendly activities. Book now and make your family vacation a delightful experience.',14),
(87,'2024-11-11','Hyatt',7,'Romantic Escape','Surprise your loved one with a romantic escape at our hotel. Our package includes a beautifully decorated room and a bottle of champagne. Enjoy a delicious breakfast in bed or a romantic dinner at our fine dining restaurant.',41),
(88,'2022-06-02','Hyatt',8,'Business Traveler Special','Stay productive and comfortable with our Business Traveler Special. Enjoy high-speed internet and complimentary breakfast. Our fully equipped business center and meeting rooms will ensure you have everything you need for a successful trip.',9),
(89,'2022-03-15','Marriott',9,'Stay Longer and Save More','Extend your stay and save more with our special offer. Book for three nights or more and enjoy up to 25% off your entire stay. Explore the local attractions and enjoy the comfort of our well-appointed rooms and exceptional service.',50),
(90,'2023-07-26','Hyatt',10,'Weekend Getaway','Plan a perfect weekend escape with our Weekend Getaway Package. Enjoy exclusive discounts and a complimentary breakfast. Make the most of your weekend with us.',42),
(91,'2025-12-17','Hilton',11,'Last-Minute Getaway Deal','Escape the everyday hustle and treat yourself to a spontaneous getaway! Enjoy 20% off on last-minute bookings at our luxurious hotel. Make the most of our exceptional amenities and stunning views.',6),
(92,'2020-03-29','Hyatt',12,'Family Fun Package','Create unforgettable memories with our Family Fun Package! Enjoy spacious accommodations and a complimentary breakfast for four. You have access to our kid-friendly activities. Book now and make your family vacation a delightful experience.',41),
(93,'2025-05-04','Hyatt',13,'Romantic Escape','Surprise your loved one with a romantic escape at our hotel. Our package includes a beautifully decorated room and a bottle of champagne. Enjoy a delicious breakfast in bed or a romantic dinner at our fine dining restaurant.',43),
(94,'2022-09-25','Four Seasons',14,'Business Traveler Special','Stay productive and comfortable with our Business Traveler Special. Enjoy high-speed internet and complimentary breakfast. Our fully equipped business center and meeting rooms will ensure you have everything you need for a successful trip.',50),
(95,'2021-04-05','Hilton',15,'Stay Longer and Save More','Extend your stay and save more with our special offer. Book for three nights or more and enjoy up to 25% off your entire stay. Explore the local attractions and enjoy the comfort of our well-appointed rooms and exceptional service.',39),
(96,'2021-01-16','Hyatt',16,'Weekend Getaway','Plan a perfect weekend escape with our Weekend Getaway Package. Enjoy exclusive discounts and a complimentary breakfast. Make the most of your weekend with us.',29),
(97,'2025-11-27','Marriott',17,'Last-Minute Getaway Deal','Escape the everyday hustle and treat yourself to a spontaneous getaway! Enjoy 20% off on last-minute bookings at our luxurious hotel. Make the most of our exceptional amenities and stunning views.',20),
(98,'2022-09-13','Hyatt',18,'Family Fun Package','Create unforgettable memories with our Family Fun Package! Enjoy spacious accommodations and a complimentary breakfast for four. You have access to our kid-friendly activities. Book now and make your family vacation a delightful experience.',48),
(99,'2025-09-08','Marriott',19,'Romantic Escape','Surprise your loved one with a romantic escape at our hotel. Our package includes a beautifully decorated room and a bottle of champagne. Enjoy a delicious breakfast in bed or a romantic dinner at our fine dining restaurant.',16),
(100,'2021-07-30','Hyatt',20,'Business Traveler Special','Stay productive and comfortable with our Business Traveler Special. Enjoy high-speed internet and complimentary breakfast. Our fully equipped business center and meeting rooms will ensure you have everything you need for a successful trip.',15);


-- dealImpressions data
INSERT INTO `dealImpressions` (`id`,`date`,`time`,`clicked`,`deal_id`,`traveler_id`)
VALUES
(1,'2020-11-03','23:58:32',FALSE,84,39),
(2,'2021-03-15','15:26:54',FALSE,48,48),
(3,'2021-08-30','13:01:09',FALSE,30,27),
(4,'2021-02-06','21:16:50',FALSE,98,26),
(5,'2022-01-09','14:25:25',TRUE,9,42),
(6,'2022-09-25','16:30:09',TRUE,65,33),
(7,'2023-05-28','23:05:54',TRUE,57,11),
(8,'2022-09-26','3:10:26',FALSE,100,9),
(9,'2021-04-24','22:50:43',TRUE,88,13),
(10,'2022-10-17','22:49:30',TRUE,82,2),
(11,'2021-04-08','19:00:47',FALSE,53,19),
(12,'2024-03-29','12:32:30',FALSE,16,3),
(13,'2020-05-30','21:39:19',FALSE,57,30),
(14,'2021-06-28','18:47:49',TRUE,54,18),
(15,'2021-09-03','16:30:00',TRUE,68,24),
(16,'2020-10-18','1:27:17',TRUE,43,15),
(17,'2020-10-23','17:50:07',TRUE,29,5),
(18,'2024-02-22','13:52:17',FALSE,42,25),
(19,'2021-10-02','1:54:29',FALSE,47,34),
(20,'2020-07-24','14:57:56',FALSE,26,12),
(21,'2021-12-10','10:11:07',TRUE,17,29),
(22,'2022-04-29','17:56:31',TRUE,34,2),
(23,'2023-10-14','23:14:12',FALSE,26,17),
(24,'2022-12-29','1:16:16',FALSE,19,27),
(25,'2022-07-05','16:40:58',FALSE,22,3),
(26,'2022-02-06','4:09:40',TRUE,26,49),
(27,'2023-03-19','2:17:48',FALSE,25,38),
(28,'2020-07-24','19:21:26',FALSE,52,40),
(29,'2020-03-25','14:20:11',TRUE,67,10),
(30,'2023-04-21','12:38:43',TRUE,56,28),
(31,'2024-02-17','14:25:34',FALSE,38,44),
(32,'2022-01-15','22:10:50',TRUE,82,41),
(33,'2023-02-19','19:47:28',FALSE,30,14),
(34,'2022-02-23','6:46:28',TRUE,21,18),
(35,'2020-08-10','21:39:41',TRUE,32,13),
(36,'2021-06-05','9:17:47',TRUE,27,12),
(37,'2024-02-13','5:54:03',TRUE,21,50),
(38,'2020-02-09','16:25:48',FALSE,32,31),
(39,'2021-11-17','17:29:31',FALSE,32,5),
(40,'2023-08-02','8:09:23',FALSE,20,45),
(41,'2022-02-27','7:53:04',FALSE,15,21),
(42,'2020-10-21','6:18:50',FALSE,3,27),
(43,'2023-04-01','0:57:35',FALSE,55,34),
(44,'2023-10-30','18:12:22',FALSE,86,17),
(45,'2022-01-31','20:32:44',FALSE,30,42),
(46,'2021-04-04','1:41:55',FALSE,10,10),
(47,'2020-05-11','11:18:26',FALSE,21,32),
(48,'2021-07-04','21:43:11',TRUE,33,22),
(49,'2021-06-27','6:14:38',TRUE,8,36),
(50,'2022-12-09','6:41:36',FALSE,6,17),
(51,'2020-02-13','18:15:44',TRUE,81,14),
(52,'2023-05-31','21:08:30',FALSE,97,41),
(53,'2020-07-17','8:41:40',FALSE,52,6),
(54,'2023-11-11','5:52:48',FALSE,64,49),
(55,'2024-02-19','5:43:50',FALSE,31,40),
(56,'2023-04-05','15:54:19',TRUE,55,23),
(57,'2020-09-11','8:00:03',FALSE,86,37),
(58,'2022-03-19','12:45:45',FALSE,96,15),
(59,'2020-06-10','1:48:28',TRUE,19,33),
(60,'2022-11-26','6:20:41',TRUE,53,21),
(61,'2021-12-27','5:48:49',TRUE,99,17),
(62,'2021-07-21','6:06:46',TRUE,20,19),
(63,'2020-09-01','23:07:30',FALSE,38,10),
(64,'2021-04-17','11:07:55',FALSE,74,16),
(65,'2020-02-17','15:18:55',TRUE,40,26),
(66,'2022-09-19','5:31:33',FALSE,22,22),
(67,'2020-11-06','23:01:13',FALSE,26,29),
(68,'2020-03-03','9:34:57',TRUE,48,44),
(69,'2020-07-13','21:18:57',TRUE,11,47),
(70,'2022-09-15','9:43:33',FALSE,59,27),
(71,'2021-07-14','4:23:00',TRUE,57,39),
(72,'2020-01-16','4:11:01',TRUE,73,8),
(73,'2021-03-09','20:28:31',FALSE,45,39),
(74,'2021-06-19','16:39:17',FALSE,27,1),
(75,'2024-04-26','4:30:26',FALSE,46,20),
(76,'2021-07-09','11:43:07',FALSE,50,24),
(77,'2022-02-06','15:27:41',TRUE,11,22),
(78,'2021-12-21','17:53:26',TRUE,69,29),
(79,'2022-03-14','0:54:57',TRUE,13,15),
(80,'2020-03-10','21:25:36',TRUE,37,28),
(81,'2022-06-12','16:48:27',TRUE,3,10),
(82,'2022-03-01','23:30:20',FALSE,39,14),
(83,'2020-02-17','0:32:19',TRUE,31,21),
(84,'2024-05-29','7:26:25',TRUE,17,26),
(85,'2022-05-26','13:35:28',TRUE,33,47),
(86,'2021-03-02','23:18:36',FALSE,11,29),
(87,'2022-06-12','17:20:23',TRUE,57,41),
(88,'2021-11-01','12:04:11',TRUE,93,45),
(89,'2022-07-25','19:15:35',FALSE,44,7),
(90,'2023-10-06','10:42:47',TRUE,53,11),
(91,'2020-07-08','10:08:26',FALSE,1,48),
(92,'2023-07-23','2:43:38',TRUE,2,14),
(93,'2023-09-13','18:15:03',FALSE,67,44),
(94,'2023-11-25','1:42:12',FALSE,4,43),
(95,'2021-08-14','1:15:39',TRUE,39,33),
(96,'2021-07-27','16:22:44',TRUE,16,45),
(97,'2021-09-19','12:05:40',TRUE,37,13),
(98,'2020-04-29','18:31:52',FALSE,44,47),
(99,'2021-01-08','15:00:27',FALSE,63,32),
(100,'2020-12-28','3:40:47',TRUE,91,16),
(101,'2020-06-17','2:23:42',FALSE,54,35),
(102,'2022-12-19','10:43:54',TRUE,40,24),
(103,'2020-08-19','12:24:42',TRUE,15,40),
(104,'2024-05-03','14:27:26',FALSE,49,48),
(105,'2022-12-07','2:43:11',FALSE,25,47),
(106,'2023-08-08','18:18:28',FALSE,38,19),
(107,'2023-09-04','17:38:27',FALSE,34,11),
(108,'2022-09-23','8:26:31',TRUE,45,15),
(109,'2020-08-21','4:04:37',TRUE,36,44),
(110,'2023-03-28','15:52:30',TRUE,24,29),
(111,'2023-07-20','11:57:01',TRUE,11,17),
(112,'2024-02-26','3:23:40',FALSE,35,13),
(113,'2023-08-09','8:01:28',FALSE,72,19),
(114,'2020-07-20','23:08:44',FALSE,30,40),
(115,'2022-02-17','20:52:49',TRUE,12,18),
(116,'2024-05-01','20:23:40',TRUE,48,34),
(117,'2023-08-28','3:22:53',TRUE,48,4),
(118,'2020-06-01','10:24:36',FALSE,18,40),
(119,'2022-12-13','13:23:59',TRUE,26,42),
(120,'2024-04-19','17:11:50',FALSE,16,9),
(121,'2022-02-01','8:03:57',FALSE,36,22),
(122,'2020-08-03','10:28:39',TRUE,13,12),
(123,'2020-02-01','22:59:05',TRUE,21,38),
(124,'2023-12-28','0:46:58',FALSE,8,44),
(125,'2021-08-05','2:33:12',FALSE,34,23),
(126,'2023-10-11','18:13:40',FALSE,47,6),
(127,'2020-04-24','20:03:30',TRUE,97,36),
(128,'2021-04-26','20:56:53',FALSE,66,2),
(129,'2022-01-25','19:07:22',FALSE,24,50),
(130,'2023-11-19','10:30:37',FALSE,48,18),
(131,'2023-11-19','4:11:41',FALSE,35,39),
(132,'2022-06-02','10:03:43',TRUE,46,42),
(133,'2020-11-29','11:47:55',TRUE,46,31),
(134,'2023-03-28','21:50:55',FALSE,47,23),
(135,'2020-10-24','16:34:40',FALSE,97,10),
(136,'2023-09-08','12:51:40',TRUE,34,28),
(137,'2020-10-14','19:23:13',FALSE,21,19),
(138,'2022-03-30','18:47:15',FALSE,35,38),
(139,'2021-04-17','7:54:59',TRUE,19,27),
(140,'2022-11-04','0:36:42',TRUE,57,36),
(141,'2021-06-27','9:50:01',FALSE,23,18),
(142,'2021-08-02','1:31:28',TRUE,04,25),
(143,'2022-04-17','16:10:41',TRUE,44,26),
(144,'2020-03-17','4:09:00',FALSE,43,15),
(145,'2023-10-01','12:36:59',TRUE,21,17),
(146,'2022-06-13','0:44:40',TRUE,39,32),
(147,'2020-08-26','22:42:53',FALSE,25,36),
(148,'2021-02-11','22:27:57',TRUE,34,44),
(149,'2021-12-07','13:33:42',FALSE,71,4),
(150,'2021-08-23','5:39:24',FALSE,23,23),
(151,'2023-07-22','10:27:49',TRUE,24,40),
(152,'2021-02-24','4:34:32',FALSE,10,43),
(153,'2023-06-29','9:52:33',FALSE,37,5),
(154,'2020-11-21','17:15:33',FALSE,61,20),
(155,'2020-03-13','4:22:47',TRUE,30,5),
(156,'2023-03-29','6:27:28',TRUE,39,12),
(157,'2020-12-13','20:09:24',TRUE,18,30),
(158,'2021-11-18','12:10:40',FALSE,23,10),
(159,'2023-07-15','9:45:25',FALSE,12,18),
(160,'2020-07-07','21:17:26',TRUE,12,32),
(161,'2023-11-05','20:50:32',TRUE,69,43),
(162,'2022-10-29','6:05:02',TRUE,15,8),
(163,'2023-10-30','20:17:26',TRUE,13,23),
(164,'2023-04-03','4:43:38',TRUE,3,20),
(165,'2023-09-03','4:15:33',FALSE,16,40),
(166,'2021-08-20','14:58:27',FALSE,90,8),
(167,'2022-06-25','20:56:28',TRUE,21,26),
(168,'2020-09-13','9:48:09',FALSE,19,31),
(169,'2021-09-15','8:11:47',TRUE,87,9),
(170,'2024-01-13','9:55:32',FALSE,18,7),
(171,'2022-04-24','13:42:55',FALSE,8,41),
(172,'2020-04-27','9:44:06',TRUE,23,49),
(173,'2020-01-24','21:15:37',TRUE,24,46),
(174,'2022-10-15','7:49:29',TRUE,52,15),
(175,'2022-11-08','22:21:17',FALSE,37,6),
(176,'2020-02-23','4:12:30',TRUE,77,47),
(177,'2023-09-14','6:42:48',FALSE,42,18),
(178,'2020-02-06','13:45:30',TRUE,71,32),
(179,'2023-11-14','15:18:15',TRUE,20,24),
(180,'2020-09-26','3:52:52',TRUE,89,27),
(181,'2023-03-29','7:56:23',FALSE,63,28),
(182,'2021-06-28','20:46:00',FALSE,1,40),
(183,'2022-07-28','21:52:32',FALSE,27,32),
(184,'2023-02-13','10:57:37',TRUE,15,18),
(185,'2023-10-16','8:47:09',FALSE,47,25),
(186,'2022-07-25','2:06:37',FALSE,21,34),
(187,'2021-12-04','13:17:16',TRUE,4,35),
(188,'2023-06-17','9:53:10',TRUE,48,47),
(189,'2022-08-23','2:07:33',TRUE,84,37),
(190,'2020-01-20','2:20:24',TRUE,26,34),
(191,'2023-08-04','9:31:25',FALSE,10,16),
(192,'2020-05-22','12:17:16',FALSE,23,33),
(193,'2022-03-02','7:23:20',TRUE,63,38),
(194,'2020-02-27','10:50:14',TRUE,31,18),
(195,'2024-02-05','11:49:07',FALSE,64,22),
(196,'2023-11-16','17:07:20',FALSE,64,6),
(197,'2023-03-11','11:04:32',FALSE,27,19),
(198,'2020-04-03','2:07:03',TRUE,32,11),
(199,'2023-11-28','14:29:12',FALSE,29,26),
(200,'2022-06-26','7:33:07',FALSE,12,6),
(201,'2024-05-01','0:35:38',FALSE,38,49),
(202,'2022-03-02','12:24:15',TRUE,31,11),
(203,'2020-11-18','8:03:49',FALSE,13,46),
(204,'2022-01-08','9:36:15',FALSE,47,48),
(205,'2022-10-12','10:58:41',FALSE,57,12),
(206,'2024-04-11','0:06:18',FALSE,24,20),
(207,'2020-05-23','1:16:51',FALSE,85,1),
(208,'2023-06-14','3:22:25',TRUE,78,18),
(209,'2020-07-06','22:52:50',TRUE,55,13),
(210,'2023-01-23','20:00:48',FALSE,56,14),
(211,'2020-12-20','17:17:31',FALSE,89,47),
(212,'2022-02-13','23:51:03',TRUE,43,24),
(213,'2022-05-20','8:52:35',TRUE,61,10),
(214,'2020-03-08','7:05:23',TRUE,15,41),
(215,'2024-02-06','16:48:32',FALSE,37,3),
(216,'2021-07-22','3:34:44',FALSE,29,20),
(217,'2024-04-14','15:53:16',TRUE,34,22),
(218,'2020-11-11','6:53:13',TRUE,45,13),
(219,'2021-02-23','7:47:39',TRUE,10,27),
(220,'2022-07-13','11:28:18',FALSE,29,33),
(221,'2020-01-21','9:14:52',TRUE,31,8),
(222,'2020-02-25','5:58:27',FALSE,4,24),
(223,'2021-09-13','9:15:39',TRUE,35,32),
(224,'2023-09-03','20:42:29',TRUE,92,9),
(225,'2020-09-29','14:18:25',FALSE,25,44),
(226,'2022-03-19','16:18:45',TRUE,43,4),
(227,'2022-02-04','9:41:58',FALSE,19,18),
(228,'2021-09-22','17:18:02',FALSE,21,26),
(229,'2020-04-02','6:16:58',TRUE,48,17),
(230,'2020-11-28','3:12:33',FALSE,17,24),
(231,'2023-01-06','5:37:41',TRUE,46,28),
(232,'2023-05-01','19:10:13',FALSE,24,8),
(233,'2023-10-24','2:44:42',FALSE,7,22),
(234,'2020-06-15','6:09:44',FALSE,4,38),
(235,'2021-07-06','0:50:25',FALSE,30,3),
(236,'2021-10-06','6:02:50',TRUE,15,30),
(237,'2023-07-12','8:54:10',FALSE,6,28),
(238,'2023-02-14','3:52:08',FALSE,1,34),
(239,'2021-03-14','10:53:10',TRUE,29,35),
(240,'2024-02-05','11:35:01',TRUE,41,13),
(241,'2020-02-12','5:07:59',FALSE,37,44),
(242,'2023-03-16','13:03:31',FALSE,7,9),
(243,'2024-03-07','14:19:16',FALSE,1,43),
(244,'2023-04-24','22:00:54',FALSE,5,36),
(245,'2021-07-01','15:12:08',FALSE,96,5),
(246,'2022-11-12','17:47:35',FALSE,29,40),
(247,'2022-05-30','11:19:11',FALSE,85,31),
(248,'2022-11-23','17:56:22',TRUE,2,41),
(249,'2020-03-11','20:09:41',TRUE,46,13),
(250,'2021-07-27','13:36:51',FALSE,26,30);

-- advertisers data
INSERT INTO `advertisers` (`id`,`username`,`password`,`company`,`first_name`,`last_name`)
VALUES
(1,'rgerauld0','zO7"JQ\R#d%2','Google','Robinette','Gerauld'),
(2,'mspivie1','hL0==qK,','McDonalds','Murielle','Spivie'),
(3,'fsynke2','dR3&F*A"lRu~4','Amazon','Ferdinand','Synke'),
(4,'gleggett3','uJ1&pxMs}ka(TQ+','TripAdvisor','Garfield','Leggett'),
(5,'vschulter4','yV4#\UcJd1Pc3nm?','Apple','Valentin','Schulter');


-- adInfo data
INSERT INTO `adInfo` (`id`,`date`,`advertiser_id`,`clicks`,`price`, image_name)
VALUES
(1,'2023-01-12',4,188,74.04, 'google.png'),
(2,'2022-11-26',3,132,92.32, 'apple.png'),
(3,'2020-05-06',5,125,55.82, 'mcD.png'),
(4,'2023-10-13',1,25,74.98, 'amazon.png'),
(5,'2020-07-20',3,263,74.75, 'trip.png'),
(6,'2022-09-24',5,228,85.93, 'google.png'),
(7,'2022-03-13',1,252,50.38, 'apple.png'),
(8,'2023-09-11',5,154,50.83, 'mcD.png'),
(9,'2024-02-29',3,80,57.46, 'amazon.png'),
(10,'2021-08-16',3,299,83.81, 'trip.png');


-- adImpressions data
INSERT INTO `adImpressions` (`id`,`date`,`time`,`clicked`,`ad_id`,`traveler_id`)
VALUES
(1,'2023-12-07','1:32:40',TRUE,8,7),
(2,'2022-08-07','17:37:43',TRUE,3,8),
(3,'2022-05-06','5:35:49',FALSE,1,3),
(4,'2021-11-21','13:05:01',TRUE,7,41),
(5,'2021-10-09','17:18:01',TRUE,9,23),
(6,'2023-05-08','19:32:07',FALSE,6,20),
(7,'2020-10-19','15:45:19',TRUE,4,48),
(8,'2020-12-19','11:29:28',FALSE,5,1),
(9,'2020-11-10','22:27:42',TRUE,2,12),
(10,'2020-06-12','21:33:44',FALSE,7,16),
(11,'2023-07-28','11:07:11',TRUE,3,35),
(12,'2022-10-09','22:59:03',TRUE,1,6),
(13,'2023-11-06','10:26:30',TRUE,9,18),
(14,'2020-08-17','14:38:12',TRUE,2,45),
(15,'2024-01-06','8:27:36',FALSE,4,15),
(16,'2022-01-09','17:06:00',TRUE,8,38),
(17,'2021-05-28','11:23:07',TRUE,5,33),
(18,'2022-01-06','3:30:03',TRUE,10,31),
(19,'2024-04-28','21:36:37',TRUE,5,28),
(20,'2021-10-14','3:59:27',TRUE,9,1),
(21,'2022-11-29','1:03:07',FALSE,10,12),
(22,'2022-02-13','23:37:11',FALSE,4,7),
(23,'2020-12-24','12:39:45',TRUE,3,39),
(24,'2023-04-23','10:23:27',FALSE,6,32),
(25,'2022-12-07','21:42:06',TRUE,7,38),
(26,'2022-11-23','5:51:11',TRUE,1,14),
(27,'2020-05-07','5:04:12',TRUE,8,9),
(28,'2021-01-14','16:09:06',FALSE,3,13),
(29,'2022-08-25','21:16:12',TRUE,5,12),
(30,'2021-05-28','19:28:34',TRUE,9,21),
(31,'2024-05-17','10:17:31',TRUE,4,28),
(32,'2023-12-20','20:45:56',TRUE,10,32),
(33,'2022-06-08','12:46:42',FALSE,8,17),
(34,'2021-08-14','20:39:24',FALSE,6,6),
(35,'2022-05-01','4:32:14',TRUE,7,37),
(36,'2021-06-19','15:22:30',TRUE,1,18),
(37,'2024-01-30','12:27:46',FALSE,1,21),
(38,'2020-01-28','19:37:54',FALSE,9,12),
(39,'2021-04-14','11:14:16',FALSE,6,42),
(40,'2020-09-29','10:41:45',TRUE,10,27),
(41,'2022-12-16','20:45:49',FALSE,5,29),
(42,'2020-10-16','6:24:44',TRUE,8,18),
(43,'2024-02-15','2:05:03',TRUE,2,2),
(44,'2023-01-24','12:42:33',TRUE,7,35),
(45,'2022-06-04','5:44:11',FALSE,3,38),
(46,'2020-06-15','5:20:14',TRUE,5,48),
(47,'2021-01-31','7:48:37',TRUE,1,22),
(48,'2022-03-29','23:58:00',TRUE,4,5),
(49,'2023-02-11','9:20:10',TRUE,10,7),
(50,'2020-12-07','13:09:26',TRUE,3,19),
(51,'2022-03-05','22:56:30',TRUE,8,39),
(52,'2021-03-12','12:02:39',FALSE,7,47),
(53,'2022-08-14','7:41:00',TRUE,2,46),
(54,'2023-07-06','10:31:51',TRUE,6,15),
(55,'2024-05-01','17:48:01',FALSE,1,49),
(56,'2021-03-17','20:39:47',TRUE,9,28),
(57,'2021-11-10','15:47:58',TRUE,6,8),
(58,'2020-12-02','6:27:11',FALSE,2,42),
(59,'2022-06-26','2:13:17',TRUE,3,6),
(60,'2020-03-21','12:26:27',TRUE,10,2),
(61,'2023-06-09','12:29:14',TRUE,4,19),
(62,'2021-06-05','11:20:42',TRUE,5,29),
(63,'2023-08-06','22:05:51',TRUE,8,30),
(64,'2020-02-22','20:50:06',FALSE,4,18),
(65,'2020-12-29','20:18:42',TRUE,6,49),
(66,'2023-02-17','3:39:36',TRUE,10,3),
(67,'2020-10-09','11:51:15',TRUE,8,31),
(68,'2021-02-04','3:25:30',TRUE,7,23),
(69,'2023-09-14','23:25:42',FALSE,1,32),
(70,'2020-08-19','23:10:28',FALSE,9,43),
(71,'2023-03-08','5:00:25',TRUE,5,27),
(72,'2022-06-08','8:43:31',TRUE,3,19),
(73,'2021-02-26','9:14:25',FALSE,1,45),
(74,'2021-09-14','23:26:03',FALSE,8,15),
(75,'2023-02-06','23:44:10',TRUE,3,25),
(76,'2023-04-26','11:34:00',FALSE,9,19),
(77,'2024-03-30','9:22:33',FALSE,2,14),
(78,'2023-04-19','17:13:53',TRUE,7,30),
(79,'2020-07-15','9:51:46',TRUE,6,44),
(80,'2021-10-14','10:07:19',FALSE,5,26),
(81,'2022-09-19','17:56:20',TRUE,10,10),
(82,'2022-01-31','21:28:06',FALSE,1,27),
(83,'2022-06-28','0:24:34',TRUE,4,43),
(84,'2022-05-28','4:19:34',FALSE,8,39),
(85,'2021-06-15','18:22:46',TRUE,6,35),
(86,'2023-01-13','21:01:51',FALSE,9,18),
(87,'2023-03-01','19:43:19',FALSE,5,22),
(88,'2023-09-24','5:52:54',TRUE,3,25),
(89,'2020-02-03','17:28:20',FALSE,7,41),
(90,'2024-01-21','6:02:13',FALSE,2,2),
(91,'2020-03-06','3:36:15',TRUE,8,38),
(92,'2023-12-21','19:15:36',TRUE,1,22),
(93,'2022-06-08','10:52:58',FALSE,3,26),
(94,'2024-02-13','15:38:56',TRUE,5,28),
(95,'2022-11-02','22:01:08',TRUE,4,50),
(96,'2020-08-04','21:58:23',TRUE,10,5),
(97,'2021-05-02','13:52:30',TRUE,2,11),
(98,'2020-03-24','22:48:15',TRUE,9,7),
(99,'2022-03-16','22:26:16',FALSE,6,42),
(100,'2020-07-15','1:02:53',TRUE,2,47),
(101,'2020-08-04','10:48:15',TRUE,3,4),
(102,'2024-05-11','23:32:31',FALSE,10,11),
(103,'2022-05-28','18:47:53',TRUE,4,6),
(104,'2024-04-17','18:05:33',FALSE,8,46),
(105,'2022-05-27','17:58:29',FALSE,5,15),
(106,'2023-12-25','21:28:00',TRUE,6,27),
(107,'2020-12-09','18:28:29',TRUE,9,23),
(108,'2021-10-22','6:16:29',TRUE,7,48),
(109,'2024-04-26','11:14:10',TRUE,1,7),
(110,'2023-12-13','10:32:50',FALSE,8,2),
(111,'2020-04-07','2:31:55',TRUE,2,22),
(112,'2022-11-24','0:31:52',TRUE,9,27),
(113,'2023-08-05','5:48:31',FALSE,7,45),
(114,'2023-01-24','13:56:19',TRUE,5,50),
(115,'2021-03-12','8:10:22',TRUE,3,9),
(116,'2024-03-13','17:25:19',FALSE,4,36),
(117,'2023-12-29','21:03:57',TRUE,10,10),
(118,'2020-05-10','10:48:35',TRUE,8,27),
(119,'2022-09-19','18:45:04',FALSE,6,5),
(120,'2022-07-17','1:07:49',FALSE,10,50),
(121,'2024-05-13','9:05:39',FALSE,2,18),
(122,'2024-03-27','17:36:55',FALSE,9,38),
(123,'2023-05-29','21:26:08',TRUE,7,25),
(124,'2021-02-05','6:12:53',FALSE,3,44),
(125,'2023-02-22','13:14:02',TRUE,5,16),
(126,'2020-10-02','7:54:35',FALSE,4,49),
(127,'2022-07-24','10:46:05',FALSE,2,36),
(128,'2021-01-09','0:39:32',TRUE,4,17),
(129,'2020-12-20','3:08:15',FALSE,8,23),
(130,'2022-03-16','9:38:12',TRUE,10,13),
(131,'2020-04-18','21:46:06',FALSE,7,18),
(132,'2020-07-02','20:09:34',TRUE,6,15),
(133,'2020-09-16','15:49:28',TRUE,9,31),
(134,'2021-07-29','11:55:29',FALSE,5,32),
(135,'2022-06-09','23:13:10',TRUE,1,1),
(136,'2021-07-07','2:31:56',TRUE,7,3),
(137,'2022-02-06','0:27:51',TRUE,4,39),
(138,'2023-01-08','20:22:36',TRUE,2,49),
(139,'2023-07-28','23:41:23',TRUE,6,22),
(140,'2020-01-15','11:08:26',FALSE,5,20),
(141,'2022-09-16','11:15:11',TRUE,1,44),
(142,'2023-09-03','8:32:45',FALSE,9,37),
(143,'2021-09-07','11:02:55',FALSE,8,23),
(144,'2021-11-20','20:59:38',TRUE,10,35),
(145,'2020-09-28','13:11:58',FALSE,3,8),
(146,'2021-10-20','8:20:30',FALSE,2,14),
(147,'2023-09-17','3:36:47',TRUE,6,46),
(148,'2023-05-20','5:57:45',FALSE,7,43),
(149,'2021-05-15','10:27:38',TRUE,8,26),
(150,'2021-06-04','13:23:52',FALSE,5,22),
(151,'2022-12-25','2:44:29',FALSE,4,45),
(152,'2022-04-03','4:39:09',TRUE,9,47),
(153,'2024-05-22','2:45:17',TRUE,10,2),
(154,'2023-05-06','5:00:22',TRUE,7,3),
(155,'2020-04-29','14:19:15',TRUE,4,18),
(156,'2021-04-16','15:47:18',TRUE,3,14),
(157,'2022-08-29','2:45:39',FALSE,1,27),
(158,'2022-02-27','10:30:00',TRUE,8,15),
(159,'2023-05-23','3:00:45',FALSE,2,33),
(160,'2021-11-11','8:11:52',FALSE,5,12),
(161,'2021-03-09','4:33:17',TRUE,10,42),
(162,'2022-08-17','22:45:40',TRUE,6,29),
(163,'2023-11-10','21:25:56',TRUE,10,50),
(164,'2023-07-12','9:52:05',TRUE,3,23),
(165,'2022-01-14','13:36:10',TRUE,6,22),
(166,'2020-12-30','17:22:43',FALSE,5,18),
(167,'2024-05-21','18:59:35',FALSE,1,5),
(168,'2023-10-07','11:00:27',FALSE,9,16),
(169,'2023-11-12','23:38:44',FALSE,7,11),
(170,'2022-01-03','7:32:06',TRUE,4,26),
(171,'2020-12-09','3:31:45',TRUE,2,38),
(172,'2021-08-26','16:27:07',TRUE,3,20),
(173,'2023-03-11','0:43:40',FALSE,9,10),
(174,'2022-02-15','21:55:32',FALSE,10,47),
(175,'2021-07-20','15:12:50',FALSE,7,11),
(176,'2021-03-23','20:37:06',FALSE,5,28),
(177,'2020-09-07','17:46:29',TRUE,4,48),
(178,'2022-12-11','13:45:45',TRUE,8,46),
(179,'2021-06-26','18:03:16',FALSE,2,14),
(180,'2022-07-26','2:49:53',TRUE,1,31),
(181,'2022-01-24','11:22:39',FALSE,9,21),
(182,'2021-11-01','5:09:03',TRUE,1,13),
(183,'2021-11-28','23:17:11',FALSE,7,36),
(184,'2020-10-07','7:45:32',FALSE,4,8),
(185,'2022-06-20','2:27:47',TRUE,5,49),
(186,'2020-08-15','20:17:46',TRUE,10,46),
(187,'2020-03-16','5:02:21',FALSE,2,39),
(188,'2023-02-10','12:29:51',FALSE,6,24),
(189,'2020-10-07','1:32:59',TRUE,8,17),
(190,'2022-02-24','22:18:06',FALSE,10,50),
(191,'2020-04-10','9:00:05',TRUE,8,3),
(192,'2023-10-08','11:35:46',TRUE,6,38),
(193,'2024-04-03','9:55:47',TRUE,7,44),
(194,'2021-11-01','3:56:23',TRUE,3,2),
(195,'2021-02-24','2:34:38',TRUE,4,25),
(196,'2021-12-15','6:29:00',TRUE,5,8),
(197,'2022-12-16','17:00:04',TRUE,9,16),
(198,'2023-05-12','8:22:07',FALSE,2,36),
(199,'2022-11-11','12:09:32',TRUE,7,45),
(200,'2021-12-06','3:08:35',TRUE,4,33),
(201,'2021-06-07','8:18:23',TRUE,10,1),
(202,'2023-11-26','11:08:24',FALSE,8,19),
(203,'2022-12-16','15:29:03',FALSE,6,30),
(204,'2021-08-05','20:22:25',TRUE,5,46),
(205,'2023-01-19','13:37:12',FALSE,3,2),
(206,'2021-08-31','14:07:44',TRUE,1,11),
(207,'2021-10-16','8:10:17',TRUE,9,16),
(208,'2020-11-10','22:02:06',TRUE,7,34),
(209,'2023-03-11','19:56:14',FALSE,5,23),
(210,'2021-03-02','3:19:49',FALSE,6,41),
(211,'2021-11-24','22:30:27',FALSE,1,15),
(212,'2020-06-05','14:52:09',FALSE,2,19),
(213,'2020-09-20','17:48:23',FALSE,3,20),
(214,'2022-07-27','21:36:00',TRUE,8,1),
(215,'2020-01-23','19:48:30',TRUE,9,44),
(216,'2023-08-09','7:26:49',FALSE,4,32),
(217,'2023-06-23','0:49:31',FALSE,8,38),
(218,'2020-05-19','3:21:40',FALSE,3,31),
(219,'2023-10-05','21:27:22',TRUE,4,37),
(220,'2023-07-08','9:08:44',FALSE,6,21),
(221,'2020-01-09','2:19:37',FALSE,1,41),
(222,'2021-05-25','17:03:15',TRUE,5,11),
(223,'2022-07-29','15:05:52',FALSE,2,28),
(224,'2021-09-24','16:12:55',TRUE,7,35),
(225,'2022-03-15','3:16:36',TRUE,9,2),
(226,'2023-02-09','10:34:42',TRUE,10,48),
(227,'2020-03-15','12:44:48',TRUE,5,27),
(228,'2022-08-28','23:50:08',TRUE,2,24),
(229,'2021-02-01','4:01:08',TRUE,7,42),
(230,'2023-02-28','8:43:16',FALSE,9,45),
(231,'2023-12-09','14:57:28',FALSE,8,26),
(232,'2023-01-15','17:27:08',FALSE,3,5),
(233,'2021-08-06','20:43:07',TRUE,4,29),
(234,'2021-09-02','22:53:48',FALSE,1,18),
(235,'2022-12-19','6:24:33',FALSE,9,42),
(236,'2021-12-05','19:24:39',TRUE,3,21),
(237,'2020-10-27','9:03:50',TRUE,10,11),
(238,'2023-08-11','22:04:08',TRUE,6,37),
(239,'2022-02-18','7:39:04',TRUE,5,12),
(240,'2020-05-18','20:07:14',FALSE,1,38),
(241,'2022-01-30','14:40:00',FALSE,8,1),
(242,'2023-11-08','8:08:53',TRUE,4,48),
(243,'2023-02-17','11:55:11',FALSE,7,22),
(244,'2024-03-31','12:08:08',TRUE,9,42),
(245,'2023-11-29','10:51:27',FALSE,7,25),
(246,'2023-10-02','10:41:34',FALSE,10,26),
(247,'2023-08-28','7:40:25',FALSE,6,45),
(248,'2020-08-22','4:53:37',TRUE,5,32),
(249,'2022-05-14','5:42:53',FALSE,4,40),
(250,'2020-09-06','0:30:28',FALSE,3,8),
(251,'2023-12-03','2:54:28',FALSE,1,5),
(252,'2020-12-13','10:33:12',TRUE,8,47),
(253,'2022-09-12','7:48:42',FALSE,10,32),
(254,'2022-12-20','10:27:11',FALSE,5,2),
(255,'2020-01-01','6:54:02',TRUE,4,7),
(256,'2020-01-24','15:46:00',FALSE,2,19),
(257,'2022-11-01','11:25:29',TRUE,8,26),
(258,'2020-03-21','5:44:28',FALSE,6,6),
(259,'2023-06-17','16:59:14',FALSE,9,33),
(260,'2021-01-23','4:57:55',FALSE,7,15),
(261,'2024-03-08','8:53:12',TRUE,1,24),
(262,'2021-01-18','2:02:00',TRUE,9,50),
(263,'2023-08-03','19:11:29',TRUE,6,1),
(264,'2024-04-18','19:02:13',TRUE,7,19),
(265,'2022-06-26','0:02:28',TRUE,4,14),
(266,'2024-03-25','21:00:19',FALSE,5,42),
(267,'2020-08-07','7:38:47',TRUE,2,47),
(268,'2021-02-01','20:58:40',FALSE,3,2),
(269,'2020-05-26','6:38:52',FALSE,8,17),
(270,'2021-02-25','7:52:30',TRUE,1,34),
(271,'2022-07-16','9:44:00',FALSE,2,19),
(272,'2021-01-26','11:43:31',TRUE,7,37),
(273,'2021-12-09','12:41:14',TRUE,3,27),
(274,'2020-04-17','2:36:41',FALSE,10,11),
(275,'2021-02-08','3:42:32',TRUE,5,36),
(276,'2022-05-20','1:24:14',TRUE,9,47),
(277,'2022-05-19','4:21:53',FALSE,1,15),
(278,'2023-02-17','1:13:55',TRUE,8,28),
(279,'2021-10-12','18:08:11',FALSE,6,30),
(280,'2022-09-12','22:05:31',TRUE,5,5),
(281,'2023-02-12','17:39:04',FALSE,3,46),
(282,'2022-05-09','14:25:41',FALSE,7,13),
(283,'2020-06-27','19:30:36',TRUE,6,28),
(284,'2023-09-28','22:58:22',TRUE,2,7),
(285,'2020-03-02','6:16:57',TRUE,9,31),
(286,'2020-09-05','13:56:46',FALSE,8,2),
(287,'2023-12-02','18:15:18',TRUE,10,20),
(288,'2023-08-29','5:20:04',FALSE,4,40),
(289,'2021-07-25','11:33:23',TRUE,1,18),
(290,'2022-08-14','13:56:29',TRUE,9,36),
(291,'2024-04-20','22:25:12',FALSE,10,9),
(292,'2021-08-04','18:36:32',TRUE,1,34),
(293,'2021-05-04','0:32:26',FALSE,7,23),
(294,'2020-10-09','23:37:23',FALSE,5,42),
(295,'2024-05-21','18:58:12',FALSE,4,48),
(296,'2021-06-24','0:01:00',FALSE,6,37),
(297,'2020-06-27','10:32:09',FALSE,3,47),
(298,'2021-04-07','0:20:16',FALSE,8,32),
(299,'2023-07-13','10:53:28',TRUE,2,17),
(300,'2021-04-20','3:11:14',TRUE,8,14);

-- hotelStats data
INSERT INTO `hotelStats` (num,avg_price,avg_rating,month,city,country,quarter)
VALUES
(12,118.05882352941177,4.802941176470589,'January','London','United Kingdom','Q1'),
(13,98.66666666666667,4.92,'February','London','United Kingdom','Q1'),
(14,108.36274509803923,4.861470588235295,'March','London','United Kingdom','Q1'),
(15,68,4.63,'April','London','United Kingdom','Q2'),
(16,95.3125,4.68453125,'May','London','United Kingdom','Q2'),
(17,83.97826086956522,4.769130434782609,'June','London','United Kingdom','Q2'),
(18,101.23333333333333,4.698666666666667,'July','London','United Kingdom','Q3'),
(19,132.96666666666667,4.732,'August','London','United Kingdom','Q3'),
(20,96.875,4.8275,'September','London','United Kingdom','Q3'),
(21,111.875,4.795,'October','London','United Kingdom','Q4'),
(22,124,4.76,'November','London','United Kingdom','Q4'),
(23,152,4.875,'December','London','United Kingdom','Q4'),
(24,82.33333333333333,4.763333333333333,'January','Madrid','Spain','Q1'),
(25,91.66666666666666,4.746666666666666,'February','Madrid','Spain','Q1'),
(26,101,4.73,'March','Madrid','Spain','Q1'),
(27,126,4.77,'April','Madrid','Spain','Q2'),
(28,87.39622641509433,4.74377358490566,'May','Madrid','Spain','Q2'),
(29,99.9659090909091,4.688522727272727,'June','Madrid','Spain','Q2'),
(30,101.9186046511628,4.71,'July','Madrid','Spain','Q3'),
(31,101,4.73375,'August','Madrid','Spain','Q3'),
(32,88.33333333333333,4.781666666666666,'September','Madrid','Spain','Q3'),
(33,103.33333333333333,4.693333333333333,'October','Madrid','Spain','Q4'),
(34,102.5,4.795,'November','Madrid','Spain','Q4'),
(35,89,4.89,'December','Madrid','Spain','Q4'),
(36,105.3125,4.8100000000000005,'January','Paris','France','Q1'),
(37,69.5,4.904999999999999,'February','Paris','France','Q1'),
(38,130.2,4.784000000000001,'March','Paris','France','Q1'),
(39,90,4.898,'April','Paris','France','Q2'),
(40,81.77611940298507,4.705671641791044,'May','Paris','France','Q2'),
(41,65.10526315789474,4.673157894736843,'June','Paris','France','Q2'),
(42,92.57894736842105,4.826315789473685,'July','Paris','France','Q3'),
(43,122.58333333333333,4.832083333333333,'August','Paris','France','Q3'),
(44,56.44444444444444,4.803333333333334,'September','Paris','France','Q3'),
(45,82.73913043478261,4.803913043478261,'October','Paris','France','Q4'),
(46,139.5,4.72,'November','Paris','France','Q4'),
(47,93,4.690909090909091,'December','Paris','France','Q4'),
(48,45,4.71,'January','Rome','Italy','Q1'),
(49,75,4.48,'February','Rome','Italy','Q1'),
(50,60,4.595000000000001,'March','Rome','Italy','Q1'),
(51,77,4.816666666666666,'April','Rome','Italy','Q2'),
(52,68.71875,4.7625,'May','Rome','Italy','Q2'),
(53,75.62068965517241,4.766896551724138,'June','Rome','Italy','Q2'),
(54,82.8,4.658250000000001,'July','Rome','Italy','Q3'),
(55,73.92105263157895,4.7163157894736845,'August','Rome','Italy','Q3'),
(56,72.45454545454545,4.787272727272727,'September','Rome','Italy','Q3'),
(57,85.11764705882354,4.765294117647059,'October','Rome','Italy','Q4'),
(58,90.8125,4.79875,'November','Rome','Italy','Q4'),
(59,97.4,4.886,'December','Rome','Italy','Q4');